"diagnostic_id","analysis_date","item_cd","market_group","model_type","diagnostic_name","diagnostic_value","passed_check","created_at"
1,20260129,111,"11",hierarchical_normal,Gelman_Rubin_Rhat,0.9997968440418292,1,"2026-01-29 10:22:39"
2,20260129,111,"21",hierarchical_normal,Gelman_Rubin_Rhat,0.9997345448662562,1,"2026-01-29 10:22:39"
3,20260129,111,"22",hierarchical_normal,Gelman_Rubin_Rhat,0.9996677994058555,1,"2026-01-29 10:22:39"
4,20260129,111,"24",hierarchical_normal,Gelman_Rubin_Rhat,1.000102702490473,1,"2026-01-29 10:22:39"
5,20260129,111,"25",hierarchical_normal,Gelman_Rubin_Rhat,1.000195758045343,1,"2026-01-29 10:22:39"
6,20260129,111,"31",empirical_bayes,RMSE,0.22366679150039032,1,"2026-01-29 10:22:39"
7,20260129,111,"31",empirical_bayes,MAE,0.2192826082417,1,"2026-01-29 10:22:39"
8,20260129,111,"37",empirical_bayes,RMSE,0.21943850661464276,1,"2026-01-29 10:22:39"
9,20260129,111,"37",empirical_bayes,MAE,0.21724498103285939,1,"2026-01-29 10:22:39"
10,20260129,111,"38",empirical_bayes,RMSE,0.20971821831605444,1,"2026-01-29 10:22:39"
11,20260129,111,"38",empirical_bayes,MAE,0.20897251687537377,1,"2026-01-29 10:22:39"
12,20260129,112,"11",hierarchical_normal,Gelman_Rubin_Rhat,0.9998984096689959,1,"2026-01-29 10:22:39"
13,20260129,112,"21",hierarchical_normal,Gelman_Rubin_Rhat,1.0002188348731216,1,"2026-01-29 10:22:39"
14,20260129,112,"22",hierarchical_normal,Gelman_Rubin_Rhat,0.9996717938980896,1,"2026-01-29 10:22:39"
15,20260129,112,"24",hierarchical_normal,Gelman_Rubin_Rhat,0.9997266547695374,1,"2026-01-29 10:22:39"
16,20260129,112,"25",hierarchical_normal,Gelman_Rubin_Rhat,0.9996765389171568,1,"2026-01-29 10:22:39"
17,20260129,112,"31",empirical_bayes,RMSE,1.266917852623239,1,"2026-01-29 10:22:39"
18,20260129,112,"31",empirical_bayes,MAE,1.2630844402679215,1,"2026-01-29 10:22:39"
19,20260129,112,"37",empirical_bayes,RMSE,1.3584740237319755,1,"2026-01-29 10:22:39"
20,20260129,112,"37",empirical_bayes,MAE,1.3566423288026084,1,"2026-01-29 10:22:39"
21,20260129,112,"38",empirical_bayes,RMSE,1.3423468505848184,1,"2026-01-29 10:22:39"
22,20260129,112,"38",empirical_bayes,MAE,1.3327208007735762,1,"2026-01-29 10:22:39"
23,20260129,141,"11",hierarchical_normal,Gelman_Rubin_Rhat,0.9997560332119838,1,"2026-01-29 10:22:39"
24,20260129,141,"21",hierarchical_normal,Gelman_Rubin_Rhat,0.9998572361504214,1,"2026-01-29 10:22:39"
25,20260129,141,"22",hierarchical_normal,Gelman_Rubin_Rhat,0.9999688728187796,1,"2026-01-29 10:22:39"
26,20260129,141,"24",hierarchical_normal,Gelman_Rubin_Rhat,1.0000847865594442,1,"2026-01-29 10:22:39"
27,20260129,141,"25",hierarchical_normal,Gelman_Rubin_Rhat,1.0000054650217538,1,"2026-01-29 10:22:39"
28,20260129,141,"31",empirical_bayes,RMSE,1.5054265800350435,1,"2026-01-29 10:22:39"
29,20260129,141,"31",empirical_bayes,MAE,1.5041414389825571,1,"2026-01-29 10:22:39"
30,20260129,141,"37",empirical_bayes,RMSE,1.461587032975699,1,"2026-01-29 10:22:39"
31,20260129,141,"37",empirical_bayes,MAE,1.4596263436961017,1,"2026-01-29 10:22:39"
32,20260129,142,"11",empirical_bayes,RMSE,0.1976503160230228,1,"2026-01-29 10:22:39"
33,20260129,142,"11",empirical_bayes,MAE,0.17626466524120055,1,"2026-01-29 10:22:39"
34,20260129,142,"11",empirical_bayes,Jarque_Bera_pvalue,0.6829533432956092,1,"2026-01-29 10:22:39"
35,20260129,142,"21",empirical_bayes,RMSE,0.2329493320088729,1,"2026-01-29 10:22:39"
36,20260129,142,"21",empirical_bayes,MAE,0.2127774618231122,1,"2026-01-29 10:22:39"
37,20260129,142,"22",empirical_bayes,RMSE,0.10047199759361707,1,"2026-01-29 10:22:39"
38,20260129,142,"22",empirical_bayes,MAE,0.09917953143155422,1,"2026-01-29 10:22:39"
39,20260129,142,"24",empirical_bayes,RMSE,0.14681993684007774,1,"2026-01-29 10:22:39"
40,20260129,142,"24",empirical_bayes,MAE,0.128878243624064,1,"2026-01-29 10:22:39"
41,20260129,142,"25",empirical_bayes,RMSE,0.1541681305231558,1,"2026-01-29 10:22:39"
42,20260129,142,"25",empirical_bayes,MAE,0.13602091892607446,1,"2026-01-29 10:22:39"
43,20260129,142,"31",empirical_bayes,RMSE,0.08942215665502498,1,"2026-01-29 10:22:39"
44,20260129,142,"31",empirical_bayes,MAE,0.06711861605366269,1,"2026-01-29 10:22:39"
45,20260129,142,"37",empirical_bayes,RMSE,0.07127195762318599,1,"2026-01-29 10:22:39"
46,20260129,142,"37",empirical_bayes,MAE,0.05899888048770011,1,"2026-01-29 10:22:39"
47,20260129,142,"38",empirical_bayes,RMSE,0.14155144874449782,1,"2026-01-29 10:22:39"
48,20260129,142,"38",empirical_bayes,MAE,0.10624930444948018,1,"2026-01-29 10:22:39"
49,20260129,143,"11",hierarchical_normal,Gelman_Rubin_Rhat,0.9998380097802556,1,"2026-01-29 10:22:39"
50,20260129,143,"21",empirical_bayes,RMSE,0.9197187883472441,1,"2026-01-29 10:22:39"
51,20260129,143,"21",empirical_bayes,MAE,0.8982104206777931,1,"2026-01-29 10:22:39"
52,20260129,143,"22",empirical_bayes,RMSE,0.8574839209702946,1,"2026-01-29 10:22:39"
53,20260129,143,"22",empirical_bayes,MAE,0.8437917879207522,1,"2026-01-29 10:22:39"
54,20260129,143,"24",hierarchical_normal,Gelman_Rubin_Rhat,1.0001192831279342,1,"2026-01-29 10:22:39"
55,20260129,143,"25",hierarchical_normal,Gelman_Rubin_Rhat,1.00041591672787,1,"2026-01-29 10:22:39"
56,20260129,143,"31",empirical_bayes,RMSE,1.0087970883473885,1,"2026-01-29 10:22:39"
57,20260129,143,"31",empirical_bayes,MAE,0.9903771986810973,1,"2026-01-29 10:22:39"
58,20260129,143,"37",empirical_bayes,RMSE,0.8969443080983391,1,"2026-01-29 10:22:39"
59,20260129,143,"37",empirical_bayes,MAE,0.8838023063240605,1,"2026-01-29 10:22:39"
60,20260129,143,"38",empirical_bayes,RMSE,0.9382441668891758,1,"2026-01-29 10:22:39"
61,20260129,143,"38",empirical_bayes,MAE,0.9346038412114405,1,"2026-01-29 10:22:39"
62,20260129,144,"11",empirical_bayes,RMSE,0.18460046155811938,1,"2026-01-29 10:22:39"
63,20260129,144,"11",empirical_bayes,MAE,0.18460046155811938,1,"2026-01-29 10:22:39"
64,20260129,144,"21",empirical_bayes,RMSE,0.0189984936831209,1,"2026-01-29 10:22:39"
65,20260129,144,"21",empirical_bayes,MAE,0.0189984936831209,1,"2026-01-29 10:22:39"
66,20260129,144,"22",empirical_bayes,RMSE,0.1656019678749967,1,"2026-01-29 10:22:39"
67,20260129,144,"22",empirical_bayes,MAE,0.1656019678749967,1,"2026-01-29 10:22:39"
68,20260129,151,"11",hierarchical_normal,Gelman_Rubin_Rhat,0.9996700105871199,1,"2026-01-29 10:22:39"
69,20260129,151,"21",hierarchical_normal,Gelman_Rubin_Rhat,1.0010073310799845,1,"2026-01-29 10:22:39"
70,20260129,151,"22",hierarchical_normal,Gelman_Rubin_Rhat,1.0002775791181615,1,"2026-01-29 10:22:39"
71,20260129,151,"24",hierarchical_normal,Gelman_Rubin_Rhat,0.999684057107336,1,"2026-01-29 10:22:39"
72,20260129,151,"25",hierarchical_normal,Gelman_Rubin_Rhat,0.9997710972509056,1,"2026-01-29 10:22:39"
73,20260129,151,"31",empirical_bayes,RMSE,0.8051192724676263,1,"2026-01-29 10:22:39"
74,20260129,151,"31",empirical_bayes,MAE,0.7916805313764078,1,"2026-01-29 10:22:39"
75,20260129,151,"37",empirical_bayes,RMSE,0.6757689520448986,1,"2026-01-29 10:22:39"
76,20260129,151,"37",empirical_bayes,MAE,0.6627264336139215,1,"2026-01-29 10:22:39"
77,20260129,151,"38",empirical_bayes,RMSE,0.7301402689317671,1,"2026-01-29 10:22:39"
78,20260129,151,"38",empirical_bayes,MAE,0.7225226399064061,1,"2026-01-29 10:22:39"
79,20260129,152,"11",hierarchical_normal,Gelman_Rubin_Rhat,0.9997554596322807,1,"2026-01-29 10:22:39"
80,20260129,152,"21",hierarchical_normal,Gelman_Rubin_Rhat,0.9998488752866447,1,"2026-01-29 10:22:39"
81,20260129,152,"22",empirical_bayes,RMSE,2.144933519196383,1,"2026-01-29 10:22:39"
82,20260129,152,"22",empirical_bayes,MAE,2.1291644789302486,1,"2026-01-29 10:22:39"
83,20260129,152,"22",empirical_bayes,Jarque_Bera_pvalue,0.24777016174305888,1,"2026-01-29 10:22:39"
84,20260129,152,"24",empirical_bayes,RMSE,2.1396833000758337,1,"2026-01-29 10:22:39"
85,20260129,152,"24",empirical_bayes,MAE,2.122133460014588,1,"2026-01-29 10:22:39"
86,20260129,152,"24",empirical_bayes,Jarque_Bera_pvalue,0.24649893505493398,1,"2026-01-29 10:22:39"
87,20260129,152,"25",empirical_bayes,RMSE,2.118928294219722,1,"2026-01-29 10:22:39"
88,20260129,152,"25",empirical_bayes,MAE,2.1000175996807777,1,"2026-01-29 10:22:39"
89,20260129,152,"25",empirical_bayes,Jarque_Bera_pvalue,0.2465580778285696,1,"2026-01-29 10:22:39"
90,20260129,211,"11",hierarchical_normal,Gelman_Rubin_Rhat,1.000423711521183,1,"2026-01-29 10:22:39"
91,20260129,211,"21",hierarchical_normal,Gelman_Rubin_Rhat,0.9996684198937144,1,"2026-01-29 10:22:39"
92,20260129,211,"22",hierarchical_normal,Gelman_Rubin_Rhat,0.9999738791121473,1,"2026-01-29 10:22:39"
93,20260129,211,"24",hierarchical_normal,Gelman_Rubin_Rhat,0.9996674415814676,1,"2026-01-29 10:22:39"
94,20260129,211,"25",hierarchical_normal,Gelman_Rubin_Rhat,0.9996684001995382,1,"2026-01-29 10:22:39"
95,20260129,211,"31",empirical_bayes,RMSE,0.48677897657482583,1,"2026-01-29 10:22:39"
96,20260129,211,"31",empirical_bayes,MAE,0.4648621563859831,1,"2026-01-29 10:22:39"
97,20260129,211,"37",empirical_bayes,RMSE,0.3944359518969667,1,"2026-01-29 10:22:39"
98,20260129,211,"37",empirical_bayes,MAE,0.32437906762602847,1,"2026-01-29 10:22:39"
99,20260129,211,"38",empirical_bayes,RMSE,0.36786823024280857,1,"2026-01-29 10:22:39"
100,20260129,211,"38",empirical_bayes,MAE,0.3402776994644687,1,"2026-01-29 10:22:39"
101,20260129,212,"11",hierarchical_normal,Gelman_Rubin_Rhat,0.9996715631041543,1,"2026-01-29 10:22:39"
102,20260129,212,"21",hierarchical_normal,Gelman_Rubin_Rhat,1.0001475121170227,1,"2026-01-29 10:22:39"
103,20260129,212,"22",hierarchical_normal,Gelman_Rubin_Rhat,0.9996950490138142,1,"2026-01-29 10:22:39"
104,20260129,212,"24",hierarchical_normal,Gelman_Rubin_Rhat,0.9996890356359159,1,"2026-01-29 10:22:39"
105,20260129,212,"25",hierarchical_normal,Gelman_Rubin_Rhat,0.9996666440652568,1,"2026-01-29 10:22:39"
106,20260129,212,"31",empirical_bayes,RMSE,0.1803640016929826,1,"2026-01-29 10:22:39"
107,20260129,212,"31",empirical_bayes,MAE,0.15121295486604888,1,"2026-01-29 10:22:39"
108,20260129,212,"37",empirical_bayes,RMSE,0.10449516245865448,1,"2026-01-29 10:22:39"
109,20260129,212,"37",empirical_bayes,MAE,0.08504691615643267,1,"2026-01-29 10:22:39"
110,20260129,212,"38",empirical_bayes,RMSE,0.15385884349991064,1,"2026-01-29 10:22:39"
111,20260129,212,"38",empirical_bayes,MAE,0.10823246154416684,1,"2026-01-29 10:22:39"
112,20260129,213,"11",hierarchical_normal,Gelman_Rubin_Rhat,0.9997218857267199,1,"2026-01-29 10:22:39"
113,20260129,213,"21",hierarchical_normal,Gelman_Rubin_Rhat,0.9997156724826525,1,"2026-01-29 10:22:39"
114,20260129,213,"22",hierarchical_normal,Gelman_Rubin_Rhat,0.9998881593452762,1,"2026-01-29 10:22:39"
115,20260129,213,"24",hierarchical_normal,Gelman_Rubin_Rhat,0.9996813230976831,1,"2026-01-29 10:22:39"
116,20260129,213,"25",hierarchical_normal,Gelman_Rubin_Rhat,0.9996876301014359,1,"2026-01-29 10:22:39"
117,20260129,213,"31",empirical_bayes,RMSE,1.191632280366468,1,"2026-01-29 10:22:39"
118,20260129,213,"31",empirical_bayes,MAE,1.1521795823049628,1,"2026-01-29 10:22:39"
119,20260129,213,"37",empirical_bayes,RMSE,1.2512026827049731,1,"2026-01-29 10:22:39"
120,20260129,213,"37",empirical_bayes,MAE,1.22977257983207,1,"2026-01-29 10:22:39"
121,20260129,213,"38",empirical_bayes,RMSE,1.2694768740648075,1,"2026-01-29 10:22:39"
122,20260129,213,"38",empirical_bayes,MAE,1.247032173738087,1,"2026-01-29 10:22:39"
123,20260129,214,"11",hierarchical_normal,Gelman_Rubin_Rhat,0.9997295880152066,1,"2026-01-29 10:22:39"
124,20260129,214,"21",hierarchical_normal,Gelman_Rubin_Rhat,0.9997224289114207,1,"2026-01-29 10:22:39"
125,20260129,214,"22",hierarchical_normal,Gelman_Rubin_Rhat,1.0001973486712838,1,"2026-01-29 10:22:39"
126,20260129,214,"24",hierarchical_normal,Gelman_Rubin_Rhat,0.9998280530773753,1,"2026-01-29 10:22:39"
127,20260129,214,"25",hierarchical_normal,Gelman_Rubin_Rhat,0.9996666349667518,1,"2026-01-29 10:22:39"
128,20260129,214,"31",empirical_bayes,RMSE,1.137941305140384,1,"2026-01-29 10:22:39"
129,20260129,214,"31",empirical_bayes,MAE,1.1313398961000167,1,"2026-01-29 10:22:39"
130,20260129,214,"37",empirical_bayes,RMSE,1.185057783110558,1,"2026-01-29 10:22:39"
131,20260129,214,"37",empirical_bayes,MAE,1.179563915608673,1,"2026-01-29 10:22:39"
132,20260129,214,"38",empirical_bayes,RMSE,1.2521092199683865,1,"2026-01-29 10:22:39"
133,20260129,214,"38",empirical_bayes,MAE,1.1952118958477824,1,"2026-01-29 10:22:39"
134,20260129,215,"11",hierarchical_normal,Gelman_Rubin_Rhat,0.9996703747352027,1,"2026-01-29 10:22:39"
135,20260129,215,"21",hierarchical_normal,Gelman_Rubin_Rhat,1.0005350283888432,1,"2026-01-29 10:22:39"
136,20260129,215,"22",hierarchical_normal,Gelman_Rubin_Rhat,0.9998195662607448,1,"2026-01-29 10:22:39"
137,20260129,215,"24",hierarchical_normal,Gelman_Rubin_Rhat,0.9997037184334595,1,"2026-01-29 10:22:39"
138,20260129,215,"25",empirical_bayes,RMSE,0.7210001677225973,1,"2026-01-29 10:22:39"
139,20260129,215,"25",empirical_bayes,MAE,0.6778887489886449,1,"2026-01-29 10:22:39"
140,20260129,215,"25",empirical_bayes,Jarque_Bera_pvalue,0.2515183531954629,1,"2026-01-29 10:22:39"
141,20260129,221,"11",hierarchical_normal,Gelman_Rubin_Rhat,1.0005534939058873,1,"2026-01-29 10:22:39"
142,20260129,221,"21",hierarchical_normal,Gelman_Rubin_Rhat,0.9998162189967759,1,"2026-01-29 10:22:39"
143,20260129,221,"22",empirical_bayes,RMSE,0.21556267033173207,1,"2026-01-29 10:22:39"
144,20260129,221,"22",empirical_bayes,MAE,0.1459994750757231,1,"2026-01-29 10:22:39"
145,20260129,221,"22",empirical_bayes,Jarque_Bera_pvalue,0.5027971604320125,1,"2026-01-29 10:22:39"
146,20260129,221,"24",empirical_bayes,RMSE,0.28444935006026734,1,"2026-01-29 10:22:39"
147,20260129,221,"24",empirical_bayes,MAE,0.2544070002823522,1,"2026-01-29 10:22:39"
148,20260129,221,"24",empirical_bayes,Jarque_Bera_pvalue,0.6484688231410088,1,"2026-01-29 10:22:39"
149,20260129,221,"25",hierarchical_normal,Gelman_Rubin_Rhat,0.9998838506468303,1,"2026-01-29 10:22:39"
150,20260129,223,"11",hierarchical_normal,Gelman_Rubin_Rhat,0.9997302922342844,1,"2026-01-29 10:22:39"
151,20260129,223,"21",hierarchical_normal,Gelman_Rubin_Rhat,0.9998748831155306,1,"2026-01-29 10:22:39"
152,20260129,223,"22",hierarchical_normal,Gelman_Rubin_Rhat,0.9997598769323031,1,"2026-01-29 10:22:39"
153,20260129,223,"24",hierarchical_normal,Gelman_Rubin_Rhat,1.0002292680648497,1,"2026-01-29 10:22:39"
154,20260129,223,"25",hierarchical_normal,Gelman_Rubin_Rhat,0.9997809812391869,1,"2026-01-29 10:22:39"
155,20260129,223,"31",empirical_bayes,RMSE,0.6165823438458651,1,"2026-01-29 10:22:39"
156,20260129,223,"31",empirical_bayes,MAE,0.5307232225799566,1,"2026-01-29 10:22:39"
157,20260129,223,"37",empirical_bayes,RMSE,0.489141586377224,1,"2026-01-29 10:22:39"
158,20260129,223,"37",empirical_bayes,MAE,0.4704384709503498,1,"2026-01-29 10:22:39"
159,20260129,223,"38",empirical_bayes,RMSE,0.8274844793827764,1,"2026-01-29 10:22:39"
160,20260129,223,"38",empirical_bayes,MAE,0.7604093492460748,1,"2026-01-29 10:22:39"
161,20260129,224,"11",hierarchical_normal,Gelman_Rubin_Rhat,1.0003775942561466,1,"2026-01-29 10:22:39"
162,20260129,224,"21",hierarchical_normal,Gelman_Rubin_Rhat,0.9999035052630143,1,"2026-01-29 10:22:39"
163,20260129,224,"22",hierarchical_normal,Gelman_Rubin_Rhat,1.0002182338239847,1,"2026-01-29 10:22:39"
164,20260129,224,"24",hierarchical_normal,Gelman_Rubin_Rhat,1.0013731450676724,1,"2026-01-29 10:22:39"
165,20260129,224,"25",hierarchical_normal,Gelman_Rubin_Rhat,0.9997566070407724,1,"2026-01-29 10:22:39"
166,20260129,224,"31",empirical_bayes,RMSE,0.9076454572920882,1,"2026-01-29 10:22:39"
167,20260129,224,"31",empirical_bayes,MAE,0.9047466436029166,1,"2026-01-29 10:22:39"
168,20260129,224,"37",empirical_bayes,RMSE,0.7745822754454745,1,"2026-01-29 10:22:39"
169,20260129,224,"37",empirical_bayes,MAE,0.7567369554895306,1,"2026-01-29 10:22:39"
170,20260129,224,"38",empirical_bayes,RMSE,0.8622253837648423,1,"2026-01-29 10:22:39"
171,20260129,224,"38",empirical_bayes,MAE,0.8565229758502676,1,"2026-01-29 10:22:39"
172,20260129,225,"11",hierarchical_normal,Gelman_Rubin_Rhat,1.000805246806793,1,"2026-01-29 10:22:39"
173,20260129,225,"21",hierarchical_normal,Gelman_Rubin_Rhat,0.9996672268328491,1,"2026-01-29 10:22:39"
174,20260129,225,"22",hierarchical_normal,Gelman_Rubin_Rhat,0.9999864981230757,1,"2026-01-29 10:22:39"
175,20260129,225,"24",hierarchical_normal,Gelman_Rubin_Rhat,0.999860541656415,1,"2026-01-29 10:22:39"
176,20260129,225,"25",hierarchical_normal,Gelman_Rubin_Rhat,0.9997004553162004,1,"2026-01-29 10:22:39"
177,20260129,225,"31",empirical_bayes,RMSE,0.5105139768431406,1,"2026-01-29 10:22:39"
178,20260129,225,"31",empirical_bayes,MAE,0.4882113953751836,1,"2026-01-29 10:22:39"
179,20260129,225,"37",empirical_bayes,RMSE,0.3456481224638117,1,"2026-01-29 10:22:39"
180,20260129,225,"37",empirical_bayes,MAE,0.30157534017026855,1,"2026-01-29 10:22:39"
181,20260129,225,"38",empirical_bayes,RMSE,0.26058854188881453,1,"2026-01-29 10:22:39"
182,20260129,225,"38",empirical_bayes,MAE,0.20908777487192332,1,"2026-01-29 10:22:39"
183,20260129,226,"11",hierarchical_normal,Gelman_Rubin_Rhat,0.9997415451627981,1,"2026-01-29 10:22:39"
184,20260129,226,"21",hierarchical_normal,Gelman_Rubin_Rhat,1.0014501049256836,1,"2026-01-29 10:22:39"
185,20260129,226,"22",hierarchical_normal,Gelman_Rubin_Rhat,0.9997108726504782,1,"2026-01-29 10:22:39"
186,20260129,226,"24",empirical_bayes,RMSE,0.7797541354564166,1,"2026-01-29 10:22:39"
187,20260129,226,"24",empirical_bayes,MAE,0.751907189269204,1,"2026-01-29 10:22:39"
188,20260129,226,"25",hierarchical_normal,Gelman_Rubin_Rhat,0.9996884787861878,1,"2026-01-29 10:22:39"
189,20260129,226,"31",empirical_bayes,RMSE,1.0356370222061129,1,"2026-01-29 10:22:39"
190,20260129,226,"31",empirical_bayes,MAE,1.0270687019924387,1,"2026-01-29 10:22:39"
191,20260129,226,"37",empirical_bayes,RMSE,0.8641790083426968,1,"2026-01-29 10:22:39"
192,20260129,226,"37",empirical_bayes,MAE,0.8421320867622818,1,"2026-01-29 10:22:39"
193,20260129,226,"38",empirical_bayes,RMSE,0.7798904831250266,1,"2026-01-29 10:22:39"
194,20260129,226,"38",empirical_bayes,MAE,0.7665926589462014,1,"2026-01-29 10:22:39"
195,20260129,231,"11",hierarchical_normal,Gelman_Rubin_Rhat,0.9997136062038033,1,"2026-01-29 10:22:39"
196,20260129,231,"21",hierarchical_normal,Gelman_Rubin_Rhat,0.9998236112697036,1,"2026-01-29 10:22:39"
197,20260129,231,"22",hierarchical_normal,Gelman_Rubin_Rhat,0.9996836517634857,1,"2026-01-29 10:22:39"
198,20260129,231,"24",hierarchical_normal,Gelman_Rubin_Rhat,0.9997281378401288,1,"2026-01-29 10:22:39"
199,20260129,231,"25",hierarchical_normal,Gelman_Rubin_Rhat,0.999941048550076,1,"2026-01-29 10:22:39"
200,20260129,231,"31",empirical_bayes,RMSE,0.7552200707866384,1,"2026-01-29 10:22:39"
201,20260129,231,"31",empirical_bayes,MAE,0.7518309236804126,1,"2026-01-29 10:22:39"
202,20260129,231,"37",empirical_bayes,RMSE,0.7726456777433189,1,"2026-01-29 10:22:39"
203,20260129,231,"37",empirical_bayes,MAE,0.767668333934977,1,"2026-01-29 10:22:39"
204,20260129,231,"38",empirical_bayes,RMSE,0.8563975109591545,1,"2026-01-29 10:22:39"
205,20260129,231,"38",empirical_bayes,MAE,0.8528596380240264,1,"2026-01-29 10:22:39"
206,20260129,232,"11",hierarchical_normal,Gelman_Rubin_Rhat,0.9999520848582921,1,"2026-01-29 10:22:39"
207,20260129,232,"21",hierarchical_normal,Gelman_Rubin_Rhat,0.999694206817051,1,"2026-01-29 10:22:39"
208,20260129,232,"22",hierarchical_normal,Gelman_Rubin_Rhat,0.9998071446251185,1,"2026-01-29 10:22:39"
209,20260129,232,"24",hierarchical_normal,Gelman_Rubin_Rhat,0.9996736740129307,1,"2026-01-29 10:22:39"
210,20260129,232,"25",hierarchical_normal,Gelman_Rubin_Rhat,1.0010542994818532,1,"2026-01-29 10:22:39"
211,20260129,232,"31",empirical_bayes,RMSE,0.7265494363546215,1,"2026-01-29 10:22:39"
212,20260129,232,"31",empirical_bayes,MAE,0.7055454057967879,1,"2026-01-29 10:22:39"
213,20260129,232,"37",empirical_bayes,RMSE,0.2948378500880364,1,"2026-01-29 10:22:39"
214,20260129,232,"37",empirical_bayes,MAE,0.2395939680080037,1,"2026-01-29 10:22:39"
215,20260129,232,"38",empirical_bayes,RMSE,0.3534167683480647,1,"2026-01-29 10:22:39"
216,20260129,232,"38",empirical_bayes,MAE,0.3308973188037599,1,"2026-01-29 10:22:39"
217,20260129,233,"11",hierarchical_normal,Gelman_Rubin_Rhat,1.0001084063738868,1,"2026-01-29 10:22:39"
218,20260129,233,"21",empirical_bayes,RMSE,0.5328366855068524,1,"2026-01-29 10:22:39"
219,20260129,233,"21",empirical_bayes,MAE,0.41218120457595486,1,"2026-01-29 10:22:39"
220,20260129,233,"21",empirical_bayes,Jarque_Bera_pvalue,0.07585839601339543,1,"2026-01-29 10:22:39"
221,20260129,233,"22",empirical_bayes,RMSE,0.5188764798097739,1,"2026-01-29 10:22:39"
222,20260129,233,"22",empirical_bayes,MAE,0.42048729259591944,1,"2026-01-29 10:22:39"
223,20260129,233,"22",empirical_bayes,Jarque_Bera_pvalue,0.0816866910484846,1,"2026-01-29 10:22:39"
224,20260129,233,"24",empirical_bayes,RMSE,0.6179505390575759,1,"2026-01-29 10:22:39"
225,20260129,233,"24",empirical_bayes,MAE,0.48130216765215494,1,"2026-01-29 10:22:39"
226,20260129,233,"24",empirical_bayes,Jarque_Bera_pvalue,0.04667776074605412,0,"2026-01-29 10:22:39"
227,20260129,233,"25",empirical_bayes,RMSE,0.35965907297236405,1,"2026-01-29 10:22:39"
228,20260129,233,"25",empirical_bayes,MAE,0.34440063977284496,1,"2026-01-29 10:22:39"
229,20260129,233,"25",empirical_bayes,Jarque_Bera_pvalue,0.577408298454013,1,"2026-01-29 10:22:39"
230,20260129,241,"11",empirical_bayes,RMSE,0.1094544571125443,1,"2026-01-29 10:22:39"
231,20260129,241,"11",empirical_bayes,MAE,0.09962309868235171,1,"2026-01-29 10:22:39"
232,20260129,241,"31",empirical_bayes,RMSE,0.19144820758383402,1,"2026-01-29 10:22:39"
233,20260129,241,"31",empirical_bayes,MAE,0.165771033232069,1,"2026-01-29 10:22:39"
234,20260129,242,"11",hierarchical_normal,Gelman_Rubin_Rhat,0.9997299157326482,1,"2026-01-29 10:22:39"
235,20260129,242,"21",hierarchical_normal,Gelman_Rubin_Rhat,0.99971993104633,1,"2026-01-29 10:22:39"
236,20260129,242,"22",hierarchical_normal,Gelman_Rubin_Rhat,0.9997150510811326,1,"2026-01-29 10:22:39"
237,20260129,242,"24",hierarchical_normal,Gelman_Rubin_Rhat,0.9996711552794251,1,"2026-01-29 10:22:39"
238,20260129,242,"25",hierarchical_normal,Gelman_Rubin_Rhat,0.999677775457281,1,"2026-01-29 10:22:39"
239,20260129,242,"31",empirical_bayes,RMSE,1.537710035855755,1,"2026-01-29 10:22:39"
240,20260129,242,"31",empirical_bayes,MAE,1.525287376826748,1,"2026-01-29 10:22:39"
241,20260129,242,"37",empirical_bayes,RMSE,1.6379574673666155,1,"2026-01-29 10:22:39"
242,20260129,242,"37",empirical_bayes,MAE,1.6246556306643294,1,"2026-01-29 10:22:39"
243,20260129,242,"38",empirical_bayes,RMSE,1.6595262624821654,1,"2026-01-29 10:22:39"
244,20260129,242,"38",empirical_bayes,MAE,1.644788219802714,1,"2026-01-29 10:22:39"
245,20260129,243,"11",hierarchical_normal,Gelman_Rubin_Rhat,0.9996892213380596,1,"2026-01-29 10:22:39"
246,20260129,243,"21",hierarchical_normal,Gelman_Rubin_Rhat,0.9999513278204548,1,"2026-01-29 10:22:39"
247,20260129,243,"22",empirical_bayes,RMSE,1.963568536334707,1,"2026-01-29 10:22:39"
248,20260129,243,"22",empirical_bayes,MAE,1.941991837240181,1,"2026-01-29 10:22:39"
249,20260129,243,"22",empirical_bayes,Jarque_Bera_pvalue,0.20557526863818246,1,"2026-01-29 10:22:39"
250,20260129,243,"24",hierarchical_normal,Gelman_Rubin_Rhat,0.9997097773613914,1,"2026-01-29 10:22:39"
251,20260129,243,"25",empirical_bayes,RMSE,1.7174701567489714,1,"2026-01-29 10:22:39"
252,20260129,243,"25",empirical_bayes,MAE,1.701067727741416,1,"2026-01-29 10:22:39"
253,20260129,243,"25",empirical_bayes,Jarque_Bera_pvalue,0.26081046983426404,1,"2026-01-29 10:22:39"
254,20260129,243,"31",empirical_bayes,RMSE,1.476787488631942,1,"2026-01-29 10:22:39"
255,20260129,243,"31",empirical_bayes,MAE,1.4621040103906096,1,"2026-01-29 10:22:39"
256,20260129,243,"37",empirical_bayes,RMSE,1.5575664897593096,1,"2026-01-29 10:22:39"
257,20260129,243,"37",empirical_bayes,MAE,1.5154951582878669,1,"2026-01-29 10:22:39"
258,20260129,243,"38",empirical_bayes,RMSE,1.6053020907671904,1,"2026-01-29 10:22:39"
259,20260129,243,"38",empirical_bayes,MAE,1.5478153207976912,1,"2026-01-29 10:22:39"
260,20260129,244,"11",empirical_bayes,RMSE,0.08066012997078482,1,"2026-01-29 10:22:39"
261,20260129,244,"11",empirical_bayes,MAE,0.08060169715974373,1,"2026-01-29 10:22:39"
262,20260129,244,"21",empirical_bayes,RMSE,0.11370350305839949,1,"2026-01-29 10:22:39"
263,20260129,244,"21",empirical_bayes,MAE,0.11370350305839949,1,"2026-01-29 10:22:39"
264,20260129,244,"22",empirical_bayes,RMSE,0.06793508460281927,1,"2026-01-29 10:22:39"
265,20260129,244,"22",empirical_bayes,MAE,0.06793508460281927,1,"2026-01-29 10:22:39"
266,20260129,244,"24",empirical_bayes,RMSE,0.10547300392188498,1,"2026-01-29 10:22:39"
267,20260129,244,"24",empirical_bayes,MAE,0.10547300392188497,1,"2026-01-29 10:22:39"
268,20260129,244,"25",empirical_bayes,RMSE,0.20650176109894147,1,"2026-01-29 10:22:39"
269,20260129,244,"25",empirical_bayes,MAE,0.20650176109894147,1,"2026-01-29 10:22:39"
270,20260129,245,"11",hierarchical_normal,Gelman_Rubin_Rhat,1.0000427349447032,1,"2026-01-29 10:22:39"
271,20260129,245,"21",hierarchical_normal,Gelman_Rubin_Rhat,0.9996713133829931,1,"2026-01-29 10:22:39"
272,20260129,245,"22",hierarchical_normal,Gelman_Rubin_Rhat,0.9996841968723222,1,"2026-01-29 10:22:39"
273,20260129,245,"24",hierarchical_normal,Gelman_Rubin_Rhat,0.9997386240364412,1,"2026-01-29 10:22:39"
274,20260129,245,"25",hierarchical_normal,Gelman_Rubin_Rhat,0.999669870364736,1,"2026-01-29 10:22:39"
275,20260129,245,"31",empirical_bayes,RMSE,0.96638773848513,1,"2026-01-29 10:22:39"
276,20260129,245,"31",empirical_bayes,MAE,0.9585173766835129,1,"2026-01-29 10:22:39"
277,20260129,245,"37",empirical_bayes,RMSE,0.7738983060812425,1,"2026-01-29 10:22:39"
278,20260129,245,"37",empirical_bayes,MAE,0.7677289261027512,1,"2026-01-29 10:22:39"
279,20260129,245,"38",empirical_bayes,RMSE,0.8440342654858131,1,"2026-01-29 10:22:39"
280,20260129,245,"38",empirical_bayes,MAE,0.8439103090045714,1,"2026-01-29 10:22:39"
281,20260129,246,"11",hierarchical_normal,Gelman_Rubin_Rhat,0.9997497031288539,1,"2026-01-29 10:22:39"
282,20260129,246,"21",hierarchical_normal,Gelman_Rubin_Rhat,0.999942725429163,1,"2026-01-29 10:22:39"
283,20260129,246,"22",hierarchical_normal,Gelman_Rubin_Rhat,1.0007337634467066,1,"2026-01-29 10:22:39"
284,20260129,246,"24",hierarchical_normal,Gelman_Rubin_Rhat,0.999899606630967,1,"2026-01-29 10:22:39"
285,20260129,246,"25",hierarchical_normal,Gelman_Rubin_Rhat,0.9998591618573062,1,"2026-01-29 10:22:39"
286,20260129,246,"31",empirical_bayes,RMSE,0.4692869072947003,1,"2026-01-29 10:22:39"
287,20260129,246,"31",empirical_bayes,MAE,0.4331589367542265,1,"2026-01-29 10:22:39"
288,20260129,246,"37",empirical_bayes,RMSE,0.4349471869637065,1,"2026-01-29 10:22:39"
289,20260129,246,"37",empirical_bayes,MAE,0.3575839423218383,1,"2026-01-29 10:22:39"
290,20260129,246,"38",empirical_bayes,RMSE,0.40093361157954327,1,"2026-01-29 10:22:39"
291,20260129,246,"38",empirical_bayes,MAE,0.3722751104128861,1,"2026-01-29 10:22:39"
292,20260129,247,"11",hierarchical_normal,Gelman_Rubin_Rhat,0.9996846859815182,1,"2026-01-29 10:22:39"
293,20260129,247,"21",hierarchical_normal,Gelman_Rubin_Rhat,0.9999124055275692,1,"2026-01-29 10:22:39"
294,20260129,247,"22",hierarchical_normal,Gelman_Rubin_Rhat,0.9997340522357019,1,"2026-01-29 10:22:39"
295,20260129,247,"24",hierarchical_normal,Gelman_Rubin_Rhat,1.0000389318344245,1,"2026-01-29 10:22:39"
296,20260129,247,"25",hierarchical_normal,Gelman_Rubin_Rhat,1.0001306118712168,1,"2026-01-29 10:22:39"
297,20260129,247,"31",empirical_bayes,RMSE,0.9683945628441898,1,"2026-01-29 10:22:39"
298,20260129,247,"31",empirical_bayes,MAE,0.9371203532881662,1,"2026-01-29 10:22:39"
299,20260129,247,"37",empirical_bayes,RMSE,0.7651492894560943,1,"2026-01-29 10:22:39"
300,20260129,247,"37",empirical_bayes,MAE,0.7567209978261941,1,"2026-01-29 10:22:39"
301,20260129,247,"38",empirical_bayes,RMSE,0.7075371437543052,1,"2026-01-29 10:22:39"
302,20260129,247,"38",empirical_bayes,MAE,0.6811054084082647,1,"2026-01-29 10:22:39"
303,20260129,248,"11",empirical_bayes,RMSE,0.42675331173066655,1,"2026-01-29 10:22:39"
304,20260129,248,"11",empirical_bayes,MAE,0.40148867265150273,1,"2026-01-29 10:22:39"
305,20260129,248,"21",empirical_bayes,RMSE,0.4470935881383095,1,"2026-01-29 10:22:39"
306,20260129,248,"21",empirical_bayes,MAE,0.435426293407442,1,"2026-01-29 10:22:39"
307,20260129,248,"31",empirical_bayes,RMSE,0.4067933535484692,1,"2026-01-29 10:22:39"
308,20260129,248,"31",empirical_bayes,MAE,0.3662880353135464,1,"2026-01-29 10:22:39"
309,20260129,252,"11",hierarchical_normal,Gelman_Rubin_Rhat,0.9997077331981065,1,"2026-01-29 10:22:39"
310,20260129,252,"21",hierarchical_normal,Gelman_Rubin_Rhat,1.0006725604300433,1,"2026-01-29 10:22:39"
311,20260129,252,"22",hierarchical_normal,Gelman_Rubin_Rhat,0.9998327234493838,1,"2026-01-29 10:22:39"
312,20260129,252,"24",hierarchical_normal,Gelman_Rubin_Rhat,0.9997377843523689,1,"2026-01-29 10:22:39"
313,20260129,252,"25",hierarchical_normal,Gelman_Rubin_Rhat,0.999668359952738,1,"2026-01-29 10:22:39"
314,20260129,252,"31",empirical_bayes,RMSE,1.4354751350804857,1,"2026-01-29 10:22:39"
315,20260129,252,"31",empirical_bayes,MAE,1.3902956164491647,1,"2026-01-29 10:22:39"
316,20260129,252,"37",empirical_bayes,RMSE,1.3506075796148287,1,"2026-01-29 10:22:39"
317,20260129,252,"37",empirical_bayes,MAE,1.3203743619675945,1,"2026-01-29 10:22:39"
318,20260129,252,"38",empirical_bayes,RMSE,1.531933742250921,1,"2026-01-29 10:22:39"
319,20260129,252,"38",empirical_bayes,MAE,1.4932581872020414,1,"2026-01-29 10:22:39"
320,20260129,253,"11",hierarchical_normal,Gelman_Rubin_Rhat,1.0000259639390459,1,"2026-01-29 10:22:39"
321,20260129,253,"21",hierarchical_normal,Gelman_Rubin_Rhat,0.9996696428037669,1,"2026-01-29 10:22:39"
322,20260129,253,"22",hierarchical_normal,Gelman_Rubin_Rhat,0.99989429120583,1,"2026-01-29 10:22:39"
323,20260129,253,"24",hierarchical_normal,Gelman_Rubin_Rhat,1.0001305404087784,1,"2026-01-29 10:22:39"
324,20260129,253,"25",hierarchical_normal,Gelman_Rubin_Rhat,0.9997927440115655,1,"2026-01-29 10:22:39"
325,20260129,253,"31",empirical_bayes,RMSE,1.004857080927516,1,"2026-01-29 10:22:39"
326,20260129,253,"31",empirical_bayes,MAE,0.9885652381576054,1,"2026-01-29 10:22:39"
327,20260129,253,"37",empirical_bayes,RMSE,1.0349597976159766,1,"2026-01-29 10:22:39"
328,20260129,253,"37",empirical_bayes,MAE,0.9980140687354458,1,"2026-01-29 10:22:39"
329,20260129,253,"38",empirical_bayes,RMSE,1.0818957145818016,1,"2026-01-29 10:22:39"
330,20260129,253,"38",empirical_bayes,MAE,1.0387554797778302,1,"2026-01-29 10:22:39"
331,20260129,255,"11",hierarchical_normal,Gelman_Rubin_Rhat,0.9997322941653509,1,"2026-01-29 10:22:39"
332,20260129,255,"21",hierarchical_normal,Gelman_Rubin_Rhat,1.0000052431097133,1,"2026-01-29 10:22:39"
333,20260129,255,"22",hierarchical_normal,Gelman_Rubin_Rhat,0.9997687856241804,1,"2026-01-29 10:22:39"
334,20260129,255,"24",hierarchical_normal,Gelman_Rubin_Rhat,0.9996744988719657,1,"2026-01-29 10:22:39"
335,20260129,255,"25",empirical_bayes,RMSE,2.066589120514571,1,"2026-01-29 10:22:39"
336,20260129,255,"25",empirical_bayes,MAE,2.0659189755671843,1,"2026-01-29 10:22:39"
337,20260129,255,"25",empirical_bayes,Jarque_Bera_pvalue,0.006432275711942359,0,"2026-01-29 10:22:39"
338,20260129,255,"31",empirical_bayes,RMSE,1.6334598025792466,1,"2026-01-29 10:22:39"
339,20260129,255,"31",empirical_bayes,MAE,1.6324398688389627,1,"2026-01-29 10:22:39"
340,20260129,255,"37",empirical_bayes,RMSE,1.7492197657705744,1,"2026-01-29 10:22:39"
341,20260129,255,"37",empirical_bayes,MAE,1.726320688419772,1,"2026-01-29 10:22:39"
342,20260129,255,"38",empirical_bayes,RMSE,1.806245741132648,1,"2026-01-29 10:22:39"
343,20260129,255,"38",empirical_bayes,MAE,1.8009056798950347,1,"2026-01-29 10:22:39"
344,20260129,256,"11",hierarchical_normal,Gelman_Rubin_Rhat,0.9998542830530341,1,"2026-01-29 10:22:39"
345,20260129,256,"21",hierarchical_normal,Gelman_Rubin_Rhat,0.99973206615983,1,"2026-01-29 10:22:39"
346,20260129,256,"22",hierarchical_normal,Gelman_Rubin_Rhat,0.9997824157504273,1,"2026-01-29 10:22:39"
347,20260129,256,"24",hierarchical_normal,Gelman_Rubin_Rhat,0.9996987296996838,1,"2026-01-29 10:22:39"
348,20260129,256,"25",hierarchical_normal,Gelman_Rubin_Rhat,0.9996728897778248,1,"2026-01-29 10:22:39"
349,20260129,256,"31",empirical_bayes,RMSE,1.111257080422341,1,"2026-01-29 10:22:39"
350,20260129,256,"31",empirical_bayes,MAE,1.0798670954050675,1,"2026-01-29 10:22:39"
351,20260129,256,"37",empirical_bayes,RMSE,1.3091793622010948,1,"2026-01-29 10:22:39"
352,20260129,256,"37",empirical_bayes,MAE,1.2762819357748754,1,"2026-01-29 10:22:39"
353,20260129,256,"38",empirical_bayes,RMSE,1.1898884046256555,1,"2026-01-29 10:22:39"
354,20260129,256,"38",empirical_bayes,MAE,1.1614686350064776,1,"2026-01-29 10:22:39"
355,20260129,257,"11",hierarchical_normal,Gelman_Rubin_Rhat,0.9997886099602961,1,"2026-01-29 10:22:39"
356,20260129,257,"21",hierarchical_normal,Gelman_Rubin_Rhat,1.000206190801038,1,"2026-01-29 10:22:39"
357,20260129,257,"22",hierarchical_normal,Gelman_Rubin_Rhat,1.0009539113251082,1,"2026-01-29 10:22:39"
358,20260129,257,"24",hierarchical_normal,Gelman_Rubin_Rhat,0.9996913338027377,1,"2026-01-29 10:22:39"
359,20260129,257,"25",hierarchical_normal,Gelman_Rubin_Rhat,0.9996857584766452,1,"2026-01-29 10:22:39"
360,20260129,257,"31",empirical_bayes,RMSE,0.18374008850202714,1,"2026-01-29 10:22:39"
361,20260129,257,"31",empirical_bayes,MAE,0.16979033376209918,1,"2026-01-29 10:22:39"
362,20260129,257,"37",empirical_bayes,RMSE,0.4170823769875529,1,"2026-01-29 10:22:39"
363,20260129,257,"37",empirical_bayes,MAE,0.3746519785131402,1,"2026-01-29 10:22:39"
364,20260129,257,"38",empirical_bayes,RMSE,0.37713371332249784,1,"2026-01-29 10:22:39"
365,20260129,257,"38",empirical_bayes,MAE,0.350895015589438,1,"2026-01-29 10:22:39"
366,20260129,258,"11",hierarchical_normal,Gelman_Rubin_Rhat,0.9998931790729654,1,"2026-01-29 10:22:39"
367,20260129,258,"21",hierarchical_normal,Gelman_Rubin_Rhat,1.000347468638702,1,"2026-01-29 10:22:39"
368,20260129,258,"22",hierarchical_normal,Gelman_Rubin_Rhat,1.0001675817100535,1,"2026-01-29 10:22:39"
369,20260129,258,"24",hierarchical_normal,Gelman_Rubin_Rhat,1.0007519033727224,1,"2026-01-29 10:22:39"
370,20260129,258,"25",hierarchical_normal,Gelman_Rubin_Rhat,0.9996912047435687,1,"2026-01-29 10:22:39"
371,20260129,258,"31",empirical_bayes,RMSE,1.000391015438801,1,"2026-01-29 10:22:39"
372,20260129,258,"31",empirical_bayes,MAE,0.9930489247819375,1,"2026-01-29 10:22:39"
373,20260129,258,"37",empirical_bayes,RMSE,1.0020004515120238,1,"2026-01-29 10:22:39"
374,20260129,258,"37",empirical_bayes,MAE,0.9664826164400839,1,"2026-01-29 10:22:39"
375,20260129,258,"38",empirical_bayes,RMSE,1.1267278013823911,1,"2026-01-29 10:22:39"
376,20260129,258,"38",empirical_bayes,MAE,1.1173265963460015,1,"2026-01-29 10:22:39"
377,20260129,279,"11",hierarchical_normal,Gelman_Rubin_Rhat,0.999679363433279,1,"2026-01-29 10:22:39"
378,20260129,279,"21",hierarchical_normal,Gelman_Rubin_Rhat,1.0008450966617117,1,"2026-01-29 10:22:39"
379,20260129,279,"22",hierarchical_normal,Gelman_Rubin_Rhat,1.000020666341756,1,"2026-01-29 10:22:39"
380,20260129,279,"24",hierarchical_normal,Gelman_Rubin_Rhat,0.9997549031683948,1,"2026-01-29 10:22:39"
381,20260129,279,"25",hierarchical_normal,Gelman_Rubin_Rhat,0.9998279398655378,1,"2026-01-29 10:22:39"
382,20260129,279,"31",empirical_bayes,RMSE,0.6376272627607663,1,"2026-01-29 10:22:39"
383,20260129,279,"31",empirical_bayes,MAE,0.5909534449020066,1,"2026-01-29 10:22:39"
384,20260129,279,"37",empirical_bayes,RMSE,0.5773199875215166,1,"2026-01-29 10:22:39"
385,20260129,279,"37",empirical_bayes,MAE,0.561009509168394,1,"2026-01-29 10:22:39"
386,20260129,279,"38",empirical_bayes,RMSE,0.7258470144319792,1,"2026-01-29 10:22:39"
387,20260129,279,"38",empirical_bayes,MAE,0.691556744035271,1,"2026-01-29 10:22:39"
388,20260129,280,"11",hierarchical_normal,Gelman_Rubin_Rhat,0.9998205639112719,1,"2026-01-29 10:22:39"
389,20260129,280,"21",hierarchical_normal,Gelman_Rubin_Rhat,1.0004058083919516,1,"2026-01-29 10:22:39"
390,20260129,280,"22",empirical_bayes,RMSE,1.0028739594280354,1,"2026-01-29 10:22:39"
391,20260129,280,"22",empirical_bayes,MAE,0.9989527462293705,1,"2026-01-29 10:22:39"
392,20260129,280,"22",empirical_bayes,Jarque_Bera_pvalue,0.006747130891716103,0,"2026-01-29 10:22:39"
393,20260129,280,"24",hierarchical_normal,Gelman_Rubin_Rhat,0.9996974014161086,1,"2026-01-29 10:22:39"
394,20260129,280,"25",hierarchical_normal,Gelman_Rubin_Rhat,0.9997049051903506,1,"2026-01-29 10:22:39"
395,20260129,312,"11",hierarchical_normal,Gelman_Rubin_Rhat,0.9996730338978075,1,"2026-01-29 10:22:39"
396,20260129,312,"21",empirical_bayes,RMSE,1.310074558268969,1,"2026-01-29 10:22:39"
397,20260129,312,"21",empirical_bayes,MAE,1.2257107815994763,1,"2026-01-29 10:22:39"
398,20260129,312,"21",empirical_bayes,Jarque_Bera_pvalue,0.006252149639972894,0,"2026-01-29 10:22:39"
399,20260129,312,"22",empirical_bayes,RMSE,1.4385677507376609,1,"2026-01-29 10:22:39"
400,20260129,312,"22",empirical_bayes,MAE,1.3882249813273833,1,"2026-01-29 10:22:39"
401,20260129,312,"22",empirical_bayes,Jarque_Bera_pvalue,0.006252149639972894,0,"2026-01-29 10:22:39"
402,20260129,312,"24",empirical_bayes,RMSE,1.3425154118865097,1,"2026-01-29 10:22:39"
403,20260129,312,"24",empirical_bayes,MAE,1.2759187797362597,1,"2026-01-29 10:22:39"
404,20260129,312,"24",empirical_bayes,Jarque_Bera_pvalue,0.006252149639972933,0,"2026-01-29 10:22:39"
405,20260129,312,"25",empirical_bayes,RMSE,1.3005443962785206,1,"2026-01-29 10:22:39"
406,20260129,312,"25",empirical_bayes,MAE,1.243223321017178,1,"2026-01-29 10:22:39"
407,20260129,312,"25",empirical_bayes,Jarque_Bera_pvalue,0.006252149639972918,0,"2026-01-29 10:22:39"
408,20260129,312,"31",empirical_bayes,RMSE,1.374792415373882,1,"2026-01-29 10:22:39"
409,20260129,312,"31",empirical_bayes,MAE,1.2122195582719253,1,"2026-01-29 10:22:39"
410,20260129,314,"11",empirical_bayes,RMSE,0.3149620531934152,1,"2026-01-29 10:22:39"
411,20260129,314,"11",empirical_bayes,MAE,0.2723984909442698,1,"2026-01-29 10:22:39"
412,20260129,314,"11",empirical_bayes,Jarque_Bera_pvalue,0.49219403779196713,1,"2026-01-29 10:22:39"
413,20260129,314,"21",empirical_bayes,RMSE,0.2813568008059156,1,"2026-01-29 10:22:39"
414,20260129,314,"21",empirical_bayes,MAE,0.23030371675212225,1,"2026-01-29 10:22:39"
415,20260129,314,"22",empirical_bayes,RMSE,0.7267449057741471,1,"2026-01-29 10:22:39"
416,20260129,314,"22",empirical_bayes,MAE,0.6266341827617641,1,"2026-01-29 10:22:39"
417,20260129,314,"24",empirical_bayes,RMSE,0.3699819763011959,1,"2026-01-29 10:22:39"
418,20260129,314,"24",empirical_bayes,MAE,0.33263456337018393,1,"2026-01-29 10:22:39"
419,20260129,314,"25",empirical_bayes,RMSE,0.46360768969573124,1,"2026-01-29 10:22:39"
420,20260129,314,"25",empirical_bayes,MAE,0.4362021519875891,1,"2026-01-29 10:22:39"
421,20260129,314,"31",empirical_bayes,RMSE,0.3883776345461827,1,"2026-01-29 10:22:39"
422,20260129,314,"31",empirical_bayes,MAE,0.2906153055139793,1,"2026-01-29 10:22:39"
423,20260129,314,"37",empirical_bayes,RMSE,0.38056740991469895,1,"2026-01-29 10:22:39"
424,20260129,314,"37",empirical_bayes,MAE,0.3275156093346441,1,"2026-01-29 10:22:39"
425,20260129,314,"38",empirical_bayes,RMSE,0.16214979318735012,1,"2026-01-29 10:22:39"
426,20260129,314,"38",empirical_bayes,MAE,0.14392236875703457,1,"2026-01-29 10:22:39"
427,20260129,315,"11",hierarchical_normal,Gelman_Rubin_Rhat,0.9998356051525518,1,"2026-01-29 10:22:39"
428,20260129,315,"21",hierarchical_normal,Gelman_Rubin_Rhat,0.9996769683012189,1,"2026-01-29 10:22:39"
429,20260129,315,"22",hierarchical_normal,Gelman_Rubin_Rhat,0.9997498846204458,1,"2026-01-29 10:22:39"
430,20260129,315,"24",hierarchical_normal,Gelman_Rubin_Rhat,1.0018321986005776,1,"2026-01-29 10:22:39"
431,20260129,315,"25",hierarchical_normal,Gelman_Rubin_Rhat,1.0007331003839874,1,"2026-01-29 10:22:39"
432,20260129,315,"31",empirical_bayes,RMSE,0.9284684835787086,1,"2026-01-29 10:22:39"
433,20260129,315,"31",empirical_bayes,MAE,0.903914404197336,1,"2026-01-29 10:22:39"
434,20260129,315,"37",empirical_bayes,RMSE,1.0649315091644107,1,"2026-01-29 10:22:39"
435,20260129,315,"37",empirical_bayes,MAE,1.05441831851427,1,"2026-01-29 10:22:39"
436,20260129,315,"38",empirical_bayes,RMSE,1.0900182167937218,1,"2026-01-29 10:22:39"
437,20260129,315,"38",empirical_bayes,MAE,1.0808827857002203,1,"2026-01-29 10:22:39"
438,20260129,316,"11",hierarchical_normal,Gelman_Rubin_Rhat,1.00006356605049,1,"2026-01-29 10:22:39"
439,20260129,316,"21",hierarchical_normal,Gelman_Rubin_Rhat,1.0001477987497178,1,"2026-01-29 10:22:39"
440,20260129,316,"22",hierarchical_normal,Gelman_Rubin_Rhat,0.9997112002766144,1,"2026-01-29 10:22:39"
441,20260129,316,"24",hierarchical_normal,Gelman_Rubin_Rhat,0.9996766303317076,1,"2026-01-29 10:22:39"
442,20260129,316,"25",hierarchical_normal,Gelman_Rubin_Rhat,1.0000849276147743,1,"2026-01-29 10:22:39"
443,20260129,316,"31",empirical_bayes,RMSE,1.2833092952638927,1,"2026-01-29 10:22:39"
444,20260129,316,"31",empirical_bayes,MAE,1.2660431152952805,1,"2026-01-29 10:22:39"
445,20260129,316,"37",empirical_bayes,RMSE,1.361168196400378,1,"2026-01-29 10:22:39"
446,20260129,316,"37",empirical_bayes,MAE,1.3572082940629657,1,"2026-01-29 10:22:39"
447,20260129,316,"38",empirical_bayes,RMSE,1.2462448696988686,1,"2026-01-29 10:22:39"
448,20260129,316,"38",empirical_bayes,MAE,1.2414063360744916,1,"2026-01-29 10:22:39"
449,20260129,317,"11",hierarchical_normal,Gelman_Rubin_Rhat,0.999951028291246,1,"2026-01-29 10:22:39"
450,20260129,317,"21",hierarchical_normal,Gelman_Rubin_Rhat,1.0001738332449452,1,"2026-01-29 10:22:39"
451,20260129,317,"22",hierarchical_normal,Gelman_Rubin_Rhat,0.9999673533206644,1,"2026-01-29 10:22:39"
452,20260129,317,"24",hierarchical_normal,Gelman_Rubin_Rhat,0.9999880764242973,1,"2026-01-29 10:22:39"
453,20260129,317,"25",hierarchical_normal,Gelman_Rubin_Rhat,1.0003673750184499,1,"2026-01-29 10:22:39"
454,20260129,317,"31",empirical_bayes,RMSE,1.1567298543147146,1,"2026-01-29 10:22:39"
455,20260129,317,"31",empirical_bayes,MAE,1.1489008146377286,1,"2026-01-29 10:22:39"
456,20260129,317,"37",empirical_bayes,RMSE,1.2004773099880564,1,"2026-01-29 10:22:39"
457,20260129,317,"37",empirical_bayes,MAE,1.174025842862643,1,"2026-01-29 10:22:39"
458,20260129,317,"38",empirical_bayes,RMSE,1.157659336142934,1,"2026-01-29 10:22:39"
459,20260129,317,"38",empirical_bayes,MAE,1.1419561236093543,1,"2026-01-29 10:22:39"
460,20260129,318,"11",empirical_bayes,RMSE,0.32028410000141033,1,"2026-01-29 10:22:39"
461,20260129,318,"11",empirical_bayes,MAE,0.29680894859651247,1,"2026-01-29 10:22:39"
462,20260129,318,"21",empirical_bayes,RMSE,0.2565130362145264,1,"2026-01-29 10:22:39"
463,20260129,318,"21",empirical_bayes,MAE,0.217762624550915,1,"2026-01-29 10:22:39"
464,20260129,318,"22",empirical_bayes,RMSE,0.42789003718708535,1,"2026-01-29 10:22:39"
465,20260129,318,"22",empirical_bayes,MAE,0.42046368317635324,1,"2026-01-29 10:22:39"
466,20260129,318,"24",empirical_bayes,RMSE,0.354957226789167,1,"2026-01-29 10:22:39"
467,20260129,318,"24",empirical_bayes,MAE,0.3255973089802649,1,"2026-01-29 10:22:39"
468,20260129,318,"25",empirical_bayes,RMSE,0.35694190110916263,1,"2026-01-29 10:22:39"
469,20260129,318,"25",empirical_bayes,MAE,0.3303458096933891,1,"2026-01-29 10:22:39"
470,20260129,318,"31",empirical_bayes,RMSE,0.21287371741730418,1,"2026-01-29 10:22:39"
471,20260129,318,"31",empirical_bayes,MAE,0.201576716363815,1,"2026-01-29 10:22:39"
472,20260129,318,"37",empirical_bayes,RMSE,0.3179264740094336,1,"2026-01-29 10:22:39"
473,20260129,318,"37",empirical_bayes,MAE,0.3099484130324175,1,"2026-01-29 10:22:39"
474,20260129,318,"38",empirical_bayes,RMSE,0.2869412014687586,1,"2026-01-29 10:22:39"
475,20260129,318,"38",empirical_bayes,MAE,0.2547985384497234,1,"2026-01-29 10:22:39"
476,20260129,319,"11",empirical_bayes,RMSE,0.20663877901808567,1,"2026-01-29 10:22:39"
477,20260129,319,"11",empirical_bayes,MAE,0.1691596208206733,1,"2026-01-29 10:22:39"
478,20260129,319,"11",empirical_bayes,Jarque_Bera_pvalue,0.9489737623672163,1,"2026-01-29 10:22:39"
479,20260129,319,"21",empirical_bayes,RMSE,0.1879710517974952,1,"2026-01-29 10:22:39"
480,20260129,319,"21",empirical_bayes,MAE,0.17492394794396904,1,"2026-01-29 10:22:39"
481,20260129,319,"22",empirical_bayes,RMSE,0.1905597268143288,1,"2026-01-29 10:22:39"
482,20260129,319,"22",empirical_bayes,MAE,0.18192641743306007,1,"2026-01-29 10:22:39"
483,20260129,319,"24",empirical_bayes,RMSE,0.22421768311378024,1,"2026-01-29 10:22:39"
484,20260129,319,"24",empirical_bayes,MAE,0.16932899689488887,1,"2026-01-29 10:22:39"
485,20260129,319,"25",empirical_bayes,RMSE,0.17947323766369183,1,"2026-01-29 10:22:39"
486,20260129,319,"25",empirical_bayes,MAE,0.1515963846172257,1,"2026-01-29 10:22:39"
487,20260129,319,"31",empirical_bayes,RMSE,0.13126928403822574,1,"2026-01-29 10:22:39"
488,20260129,319,"31",empirical_bayes,MAE,0.1266264043323284,1,"2026-01-29 10:22:39"
489,20260129,319,"37",empirical_bayes,RMSE,0.11792562379415585,1,"2026-01-29 10:22:39"
490,20260129,319,"37",empirical_bayes,MAE,0.10708074296960539,1,"2026-01-29 10:22:39"
491,20260129,319,"38",empirical_bayes,RMSE,0.2431944479112525,1,"2026-01-29 10:22:39"
492,20260129,319,"38",empirical_bayes,MAE,0.22909033544872237,1,"2026-01-29 10:22:39"
493,20260129,411,"11",hierarchical_normal,Gelman_Rubin_Rhat,1.0014992783058707,1,"2026-01-29 10:22:39"
494,20260129,411,"21",hierarchical_normal,Gelman_Rubin_Rhat,0.9996910945494363,1,"2026-01-29 10:22:39"
495,20260129,411,"22",hierarchical_normal,Gelman_Rubin_Rhat,0.9998928510246647,1,"2026-01-29 10:22:39"
496,20260129,411,"24",hierarchical_normal,Gelman_Rubin_Rhat,0.9999274445138202,1,"2026-01-29 10:22:39"
497,20260129,411,"25",hierarchical_normal,Gelman_Rubin_Rhat,0.9997919120508237,1,"2026-01-29 10:22:39"
498,20260129,411,"31",empirical_bayes,RMSE,0.5042082701429577,1,"2026-01-29 10:22:39"
499,20260129,411,"31",empirical_bayes,MAE,0.48202807864619385,1,"2026-01-29 10:22:39"
500,20260129,411,"37",empirical_bayes,RMSE,0.5165566767482501,1,"2026-01-29 10:22:39"
501,20260129,411,"37",empirical_bayes,MAE,0.5131511617866421,1,"2026-01-29 10:22:39"
502,20260129,411,"38",empirical_bayes,RMSE,0.5299620991472066,1,"2026-01-29 10:22:39"
503,20260129,411,"38",empirical_bayes,MAE,0.5298963143784222,1,"2026-01-29 10:22:39"
504,20260129,412,"11",hierarchical_normal,Gelman_Rubin_Rhat,1.0004459102310996,1,"2026-01-29 10:22:39"
505,20260129,412,"21",hierarchical_normal,Gelman_Rubin_Rhat,0.9996808129797085,1,"2026-01-29 10:22:39"
506,20260129,412,"22",empirical_bayes,RMSE,0.3939020020040594,1,"2026-01-29 10:22:39"
507,20260129,412,"22",empirical_bayes,MAE,0.3873540458762592,1,"2026-01-29 10:22:39"
508,20260129,412,"22",empirical_bayes,Jarque_Bera_pvalue,0.00687861381956587,0,"2026-01-29 10:22:39"
509,20260129,412,"24",empirical_bayes,RMSE,0.446274091774136,1,"2026-01-29 10:22:39"
510,20260129,412,"24",empirical_bayes,MAE,0.4372152590965006,1,"2026-01-29 10:22:39"
511,20260129,412,"24",empirical_bayes,Jarque_Bera_pvalue,0.18936533523119253,1,"2026-01-29 10:22:39"
512,20260129,412,"25",empirical_bayes,RMSE,0.5241262933818103,1,"2026-01-29 10:22:39"
513,20260129,412,"25",empirical_bayes,MAE,0.5089342291171481,1,"2026-01-29 10:22:39"
514,20260129,412,"25",empirical_bayes,Jarque_Bera_pvalue,0.25247229041027225,1,"2026-01-29 10:22:39"
515,20260129,412,"31",empirical_bayes,RMSE,0.43324609350689974,1,"2026-01-29 10:22:39"
516,20260129,412,"31",empirical_bayes,MAE,0.42123287764901135,1,"2026-01-29 10:22:39"
517,20260129,412,"37",empirical_bayes,RMSE,0.46104276318973775,1,"2026-01-29 10:22:39"
518,20260129,412,"37",empirical_bayes,MAE,0.45389486888320957,1,"2026-01-29 10:22:39"
519,20260129,414,"11",hierarchical_normal,Gelman_Rubin_Rhat,0.999707114935547,1,"2026-01-29 10:22:39"
520,20260129,414,"21",hierarchical_normal,Gelman_Rubin_Rhat,1.0003797591852945,1,"2026-01-29 10:22:39"
521,20260129,414,"22",hierarchical_normal,Gelman_Rubin_Rhat,0.9997769662270026,1,"2026-01-29 10:22:39"
522,20260129,414,"24",hierarchical_normal,Gelman_Rubin_Rhat,0.9999278046507725,1,"2026-01-29 10:22:39"
523,20260129,414,"25",hierarchical_normal,Gelman_Rubin_Rhat,0.9998304741186991,1,"2026-01-29 10:22:39"
524,20260129,414,"31",empirical_bayes,RMSE,0.20147395436679824,1,"2026-01-29 10:22:39"
525,20260129,414,"31",empirical_bayes,MAE,0.1759729086106443,1,"2026-01-29 10:22:39"
526,20260129,414,"37",empirical_bayes,RMSE,0.2114862952901267,1,"2026-01-29 10:22:39"
527,20260129,414,"37",empirical_bayes,MAE,0.15115679099954052,1,"2026-01-29 10:22:39"
528,20260129,414,"38",empirical_bayes,RMSE,0.2680496705107727,1,"2026-01-29 10:22:39"
529,20260129,414,"38",empirical_bayes,MAE,0.24386322049206774,1,"2026-01-29 10:22:39"
530,20260129,415,"11",hierarchical_normal,Gelman_Rubin_Rhat,1.000162773102317,1,"2026-01-29 10:22:39"
531,20260129,415,"21",hierarchical_normal,Gelman_Rubin_Rhat,1.0006135403987753,1,"2026-01-29 10:22:39"
532,20260129,415,"22",hierarchical_normal,Gelman_Rubin_Rhat,0.9998443267535044,1,"2026-01-29 10:22:39"
533,20260129,415,"24",hierarchical_normal,Gelman_Rubin_Rhat,1.0002616872182597,1,"2026-01-29 10:22:39"
534,20260129,415,"25",hierarchical_normal,Gelman_Rubin_Rhat,1.001195904192852,1,"2026-01-29 10:22:39"
535,20260129,415,"31",empirical_bayes,RMSE,0.6942551095700703,1,"2026-01-29 10:22:39"
536,20260129,415,"31",empirical_bayes,MAE,0.6844556537873502,1,"2026-01-29 10:22:39"
537,20260129,415,"37",empirical_bayes,RMSE,0.8290100388657391,1,"2026-01-29 10:22:39"
538,20260129,415,"37",empirical_bayes,MAE,0.828846163987912,1,"2026-01-29 10:22:39"
539,20260129,415,"38",empirical_bayes,RMSE,0.6598081667403752,1,"2026-01-29 10:22:39"
540,20260129,415,"38",empirical_bayes,MAE,0.6439611919166213,1,"2026-01-29 10:22:39"
541,20260129,416,"11",hierarchical_normal,Gelman_Rubin_Rhat,0.9996815438565936,1,"2026-01-29 10:22:39"
542,20260129,416,"21",hierarchical_normal,Gelman_Rubin_Rhat,0.9999151455786546,1,"2026-01-29 10:22:39"
543,20260129,416,"22",hierarchical_normal,Gelman_Rubin_Rhat,0.9996666125677708,1,"2026-01-29 10:22:39"
544,20260129,416,"24",hierarchical_normal,Gelman_Rubin_Rhat,1.0009635741412948,1,"2026-01-29 10:22:39"
545,20260129,416,"25",hierarchical_normal,Gelman_Rubin_Rhat,1.0000933118405901,1,"2026-01-29 10:22:39"
546,20260129,416,"31",empirical_bayes,RMSE,0.5187340943311926,1,"2026-01-29 10:22:39"
547,20260129,416,"31",empirical_bayes,MAE,0.513955851134876,1,"2026-01-29 10:22:39"
548,20260129,416,"37",empirical_bayes,RMSE,0.5953103680811324,1,"2026-01-29 10:22:39"
549,20260129,416,"37",empirical_bayes,MAE,0.5464233411692477,1,"2026-01-29 10:22:39"
550,20260129,416,"38",empirical_bayes,RMSE,0.4082535424279363,1,"2026-01-29 10:22:39"
551,20260129,416,"38",empirical_bayes,MAE,0.33788433586528893,1,"2026-01-29 10:22:39"
552,20260129,418,"11",hierarchical_normal,Gelman_Rubin_Rhat,1.0010521145568265,1,"2026-01-29 10:22:39"
553,20260129,418,"21",hierarchical_normal,Gelman_Rubin_Rhat,1.0006773698970624,1,"2026-01-29 10:22:39"
554,20260129,418,"22",hierarchical_normal,Gelman_Rubin_Rhat,0.999695858772195,1,"2026-01-29 10:22:39"
555,20260129,418,"24",hierarchical_normal,Gelman_Rubin_Rhat,0.9996698948760764,1,"2026-01-29 10:22:39"
556,20260129,418,"25",hierarchical_normal,Gelman_Rubin_Rhat,0.9999490365635826,1,"2026-01-29 10:22:39"
557,20260129,418,"31",empirical_bayes,RMSE,1.9615313451081617,1,"2026-01-29 10:22:39"
558,20260129,418,"31",empirical_bayes,MAE,1.9456770851103367,1,"2026-01-29 10:22:39"
559,20260129,418,"37",empirical_bayes,RMSE,2.0878814789501563,1,"2026-01-29 10:22:39"
560,20260129,418,"37",empirical_bayes,MAE,2.0870198727579248,1,"2026-01-29 10:22:39"
561,20260129,418,"38",empirical_bayes,RMSE,1.9627156276622382,1,"2026-01-29 10:22:39"
562,20260129,418,"38",empirical_bayes,MAE,1.9622668399951377,1,"2026-01-29 10:22:39"
563,20260129,419,"11",empirical_bayes,RMSE,0.18695893500437827,1,"2026-01-29 10:22:39"
564,20260129,419,"11",empirical_bayes,MAE,0.16470512948290456,1,"2026-01-29 10:22:39"
565,20260129,419,"21",empirical_bayes,RMSE,0.10867429542512574,1,"2026-01-29 10:22:39"
566,20260129,419,"21",empirical_bayes,MAE,0.09845871895701253,1,"2026-01-29 10:22:39"
567,20260129,419,"22",empirical_bayes,RMSE,0.06436091932398876,1,"2026-01-29 10:22:39"
568,20260129,419,"22",empirical_bayes,MAE,0.06251214116333692,1,"2026-01-29 10:22:39"
569,20260129,419,"24",empirical_bayes,RMSE,0.07819369065032555,1,"2026-01-29 10:22:39"
570,20260129,419,"24",empirical_bayes,MAE,0.07471870418206035,1,"2026-01-29 10:22:39"
571,20260129,419,"25",empirical_bayes,RMSE,0.05042082860614119,1,"2026-01-29 10:22:39"
572,20260129,419,"25",empirical_bayes,MAE,0.04825178587092379,1,"2026-01-29 10:22:39"
573,20260129,419,"31",empirical_bayes,RMSE,0.10803019575796537,1,"2026-01-29 10:22:39"
574,20260129,419,"31",empirical_bayes,MAE,0.07886390928292002,1,"2026-01-29 10:22:39"
575,20260129,419,"37",empirical_bayes,RMSE,0.2839261781309973,1,"2026-01-29 10:22:39"
576,20260129,419,"37",empirical_bayes,MAE,0.2521343186039064,1,"2026-01-29 10:22:39"
577,20260129,419,"38",empirical_bayes,RMSE,0.15496317464127027,1,"2026-01-29 10:22:39"
578,20260129,419,"38",empirical_bayes,MAE,0.13683948092197618,1,"2026-01-29 10:22:39"
579,20260129,420,"11",hierarchical_normal,Gelman_Rubin_Rhat,0.9999988193525269,1,"2026-01-29 10:22:39"
580,20260129,420,"21",hierarchical_normal,Gelman_Rubin_Rhat,1.0013399940159682,1,"2026-01-29 10:22:39"
581,20260129,420,"22",hierarchical_normal,Gelman_Rubin_Rhat,1.0000829397580666,1,"2026-01-29 10:22:39"
582,20260129,420,"24",hierarchical_normal,Gelman_Rubin_Rhat,0.99999045572581,1,"2026-01-29 10:22:39"
583,20260129,420,"25",hierarchical_normal,Gelman_Rubin_Rhat,0.9997164451719625,1,"2026-01-29 10:22:39"
584,20260129,420,"37",empirical_bayes,RMSE,0.6828261517667356,1,"2026-01-29 10:22:39"
585,20260129,420,"37",empirical_bayes,MAE,0.6551830158068572,1,"2026-01-29 10:22:39"
586,20260129,420,"38",empirical_bayes,RMSE,0.553983414946062,1,"2026-01-29 10:22:39"
587,20260129,420,"38",empirical_bayes,MAE,0.5116275056110678,1,"2026-01-29 10:22:39"
588,20260129,421,"11",empirical_bayes,RMSE,0.04391356451776646,1,"2026-01-29 10:22:39"
589,20260129,421,"11",empirical_bayes,MAE,0.03512831782659257,1,"2026-01-29 10:22:39"
590,20260129,422,"11",hierarchical_normal,Gelman_Rubin_Rhat,0.9998509003181467,1,"2026-01-29 10:22:39"
591,20260129,422,"21",hierarchical_normal,Gelman_Rubin_Rhat,0.9996666843290698,1,"2026-01-29 10:22:39"
592,20260129,422,"22",hierarchical_normal,Gelman_Rubin_Rhat,0.9998139540601154,1,"2026-01-29 10:22:39"
593,20260129,422,"24",hierarchical_normal,Gelman_Rubin_Rhat,0.9999571712144073,1,"2026-01-29 10:22:39"
594,20260129,422,"25",hierarchical_normal,Gelman_Rubin_Rhat,1.0007610717465327,1,"2026-01-29 10:22:39"
595,20260129,422,"31",empirical_bayes,RMSE,0.1631591231801512,1,"2026-01-29 10:22:39"
596,20260129,422,"31",empirical_bayes,MAE,0.1546398117859399,1,"2026-01-29 10:22:39"
597,20260129,422,"37",empirical_bayes,RMSE,0.2073629568068764,1,"2026-01-29 10:22:39"
598,20260129,422,"37",empirical_bayes,MAE,0.2008787015931599,1,"2026-01-29 10:22:39"
599,20260129,422,"38",empirical_bayes,RMSE,0.24350176927129671,1,"2026-01-29 10:22:39"
600,20260129,422,"38",empirical_bayes,MAE,0.1960786053474095,1,"2026-01-29 10:22:39"
601,20260129,424,"11",hierarchical_normal,Gelman_Rubin_Rhat,0.9997234318193693,1,"2026-01-29 10:22:39"
602,20260129,424,"21",hierarchical_normal,Gelman_Rubin_Rhat,1.0001364980709304,1,"2026-01-29 10:22:39"
603,20260129,424,"22",empirical_bayes,RMSE,1.0451327090085138,1,"2026-01-29 10:22:39"
604,20260129,424,"22",empirical_bayes,MAE,1.0342145697986755,1,"2026-01-29 10:22:39"
605,20260129,424,"22",empirical_bayes,Jarque_Bera_pvalue,0.2505549697341952,1,"2026-01-29 10:22:39"
606,20260129,424,"24",hierarchical_normal,Gelman_Rubin_Rhat,1.0009461957098613,1,"2026-01-29 10:22:39"
607,20260129,424,"25",hierarchical_normal,Gelman_Rubin_Rhat,1.0006365869734255,1,"2026-01-29 10:22:39"
608,20260129,424,"31",empirical_bayes,RMSE,0.7766660754339292,1,"2026-01-29 10:22:39"
609,20260129,424,"31",empirical_bayes,MAE,0.7672844050092422,1,"2026-01-29 10:22:39"
610,20260129,424,"37",empirical_bayes,RMSE,0.9510396676971892,1,"2026-01-29 10:22:39"
611,20260129,424,"37",empirical_bayes,MAE,0.8967903538688441,1,"2026-01-29 10:22:39"
612,20260129,424,"38",empirical_bayes,RMSE,0.9518568460409199,1,"2026-01-29 10:22:39"
613,20260129,424,"38",empirical_bayes,MAE,0.9431638007224444,1,"2026-01-29 10:22:39"
614,20260129,425,"11",hierarchical_normal,Gelman_Rubin_Rhat,0.9996702910624833,1,"2026-01-29 10:22:39"
615,20260129,425,"21",hierarchical_normal,Gelman_Rubin_Rhat,1.001006067872519,1,"2026-01-29 10:22:39"
616,20260129,425,"22",hierarchical_normal,Gelman_Rubin_Rhat,0.9998347648108005,1,"2026-01-29 10:22:39"
617,20260129,425,"24",hierarchical_normal,Gelman_Rubin_Rhat,1.0002179625341725,1,"2026-01-29 10:22:39"
618,20260129,425,"25",hierarchical_normal,Gelman_Rubin_Rhat,0.9999327043792453,1,"2026-01-29 10:22:39"
619,20260129,425,"37",empirical_bayes,RMSE,1.851132957846383,1,"2026-01-29 10:22:39"
620,20260129,425,"37",empirical_bayes,MAE,1.8501300426961642,1,"2026-01-29 10:22:39"
621,20260129,428,"11",hierarchical_normal,Gelman_Rubin_Rhat,0.9996673443739387,1,"2026-01-29 10:22:39"
622,20260129,428,"21",hierarchical_normal,Gelman_Rubin_Rhat,1.0009999314937827,1,"2026-01-29 10:22:39"
623,20260129,428,"22",empirical_bayes,RMSE,1.143833712029259,1,"2026-01-29 10:22:39"
624,20260129,428,"22",empirical_bayes,MAE,1.1355167895358589,1,"2026-01-29 10:22:39"
625,20260129,428,"22",empirical_bayes,Jarque_Bera_pvalue,0.22741943556361363,1,"2026-01-29 10:22:39"
626,20260129,428,"24",empirical_bayes,RMSE,1.0893431654911423,1,"2026-01-29 10:22:39"
627,20260129,428,"24",empirical_bayes,MAE,1.085063011150031,1,"2026-01-29 10:22:39"
628,20260129,428,"24",empirical_bayes,Jarque_Bera_pvalue,0.25574594605481893,1,"2026-01-29 10:22:39"
629,20260129,428,"25",hierarchical_normal,Gelman_Rubin_Rhat,0.9997325528559353,1,"2026-01-29 10:22:39"
630,20260129,428,"37",empirical_bayes,RMSE,1.0920268490940812,1,"2026-01-29 10:22:39"
631,20260129,428,"37",empirical_bayes,MAE,1.071608397591291,1,"2026-01-29 10:22:39"
632,20260129,428,"38",empirical_bayes,RMSE,1.1342557965060236,1,"2026-01-29 10:22:39"
633,20260129,428,"38",empirical_bayes,MAE,1.128351083106083,1,"2026-01-29 10:22:39"
634,20260129,430,"11",empirical_bayes,RMSE,0.1753995347962406,1,"2026-01-29 10:22:39"
635,20260129,430,"11",empirical_bayes,MAE,0.13803974146885548,1,"2026-01-29 10:22:39"
636,20260129,430,"21",empirical_bayes,RMSE,0.1695857660020595,1,"2026-01-29 10:22:39"
637,20260129,430,"21",empirical_bayes,MAE,0.1628888461641118,1,"2026-01-29 10:22:39"
638,20260129,430,"22",empirical_bayes,RMSE,0.09589239039960543,1,"2026-01-29 10:22:39"
639,20260129,430,"22",empirical_bayes,MAE,0.07998646863344512,1,"2026-01-29 10:22:39"
640,20260129,430,"24",empirical_bayes,RMSE,0.12653475428893884,1,"2026-01-29 10:22:39"
641,20260129,430,"24",empirical_bayes,MAE,0.11088641349694228,1,"2026-01-29 10:22:39"
642,20260129,430,"37",empirical_bayes,RMSE,0.056758309756364755,1,"2026-01-29 10:22:39"
643,20260129,430,"37",empirical_bayes,MAE,0.05395125356014733,1,"2026-01-29 10:22:39"
644,20260129,430,"38",empirical_bayes,RMSE,0.12086786164696087,1,"2026-01-29 10:22:39"
645,20260129,430,"38",empirical_bayes,MAE,0.11792154695311592,1,"2026-01-29 10:22:39"
646,20260129,611,"11",hierarchical_normal,Gelman_Rubin_Rhat,0.9997451977498428,1,"2026-01-29 10:22:39"
647,20260129,611,"21",hierarchical_normal,Gelman_Rubin_Rhat,1.0024002026456937,1,"2026-01-29 10:22:39"
648,20260129,611,"22",hierarchical_normal,Gelman_Rubin_Rhat,0.9997173424242738,1,"2026-01-29 10:22:39"
649,20260129,611,"24",hierarchical_normal,Gelman_Rubin_Rhat,0.9997287713558665,1,"2026-01-29 10:22:39"
650,20260129,611,"25",hierarchical_normal,Gelman_Rubin_Rhat,0.9996713561336495,1,"2026-01-29 10:22:39"
651,20260129,611,"31",empirical_bayes,RMSE,1.312114663498914,1,"2026-01-29 10:22:39"
652,20260129,611,"31",empirical_bayes,MAE,1.2925130491004604,1,"2026-01-29 10:22:39"
653,20260129,611,"38",empirical_bayes,RMSE,1.3466455395273316,1,"2026-01-29 10:22:39"
654,20260129,611,"38",empirical_bayes,MAE,1.344108954198008,1,"2026-01-29 10:22:39"
655,20260129,612,"11",empirical_bayes,RMSE,0.2440186424200232,1,"2026-01-29 10:22:39"
656,20260129,612,"11",empirical_bayes,MAE,0.19145028199580133,1,"2026-01-29 10:22:39"
657,20260129,612,"31",empirical_bayes,RMSE,0.2301730018750382,1,"2026-01-29 10:22:39"
658,20260129,612,"31",empirical_bayes,MAE,0.20755138718925595,1,"2026-01-29 10:22:39"
659,20260129,613,"11",hierarchical_normal,Gelman_Rubin_Rhat,0.9996689451944886,1,"2026-01-29 10:22:39"
660,20260129,613,"21",hierarchical_normal,Gelman_Rubin_Rhat,0.9996976667308242,1,"2026-01-29 10:22:39"
661,20260129,613,"22",hierarchical_normal,Gelman_Rubin_Rhat,0.9997137143240928,1,"2026-01-29 10:22:39"
662,20260129,613,"24",hierarchical_normal,Gelman_Rubin_Rhat,1.0004566554348562,1,"2026-01-29 10:22:39"
663,20260129,613,"25",empirical_bayes,RMSE,0.8260136739674281,1,"2026-01-29 10:22:39"
664,20260129,613,"25",empirical_bayes,MAE,0.8202930816924368,1,"2026-01-29 10:22:39"
665,20260129,613,"25",empirical_bayes,Jarque_Bera_pvalue,0.22646774740429076,1,"2026-01-29 10:22:39"
666,20260129,613,"31",empirical_bayes,RMSE,0.6142219073187657,1,"2026-01-29 10:22:39"
667,20260129,613,"31",empirical_bayes,MAE,0.6054603274309688,1,"2026-01-29 10:22:39"
668,20260129,613,"37",empirical_bayes,RMSE,0.5707724827026543,1,"2026-01-29 10:22:39"
669,20260129,613,"37",empirical_bayes,MAE,0.5303409045090929,1,"2026-01-29 10:22:39"
670,20260129,614,"11",empirical_bayes,RMSE,0.33546638253319755,1,"2026-01-29 10:22:39"
671,20260129,614,"11",empirical_bayes,MAE,0.2804086086859332,1,"2026-01-29 10:22:39"
672,20260129,614,"21",empirical_bayes,RMSE,0.23083323708810094,1,"2026-01-29 10:22:39"
673,20260129,614,"21",empirical_bayes,MAE,0.20967223122418352,1,"2026-01-29 10:22:39"
674,20260129,614,"24",empirical_bayes,RMSE,0.2529625616191189,1,"2026-01-29 10:22:39"
675,20260129,614,"24",empirical_bayes,MAE,0.22235117647490257,1,"2026-01-29 10:22:39"
676,20260129,614,"25",empirical_bayes,RMSE,0.2611743945079988,1,"2026-01-29 10:22:39"
677,20260129,614,"25",empirical_bayes,MAE,0.19567309296403193,1,"2026-01-29 10:22:39"
678,20260129,615,"11",hierarchical_normal,Gelman_Rubin_Rhat,0.9997861672224229,1,"2026-01-29 10:22:39"
679,20260129,615,"21",hierarchical_normal,Gelman_Rubin_Rhat,1.0010700743035776,1,"2026-01-29 10:22:39"
680,20260129,615,"22",hierarchical_normal,Gelman_Rubin_Rhat,0.999830758783753,1,"2026-01-29 10:22:39"
681,20260129,615,"24",hierarchical_normal,Gelman_Rubin_Rhat,0.9996666799721913,1,"2026-01-29 10:22:39"
682,20260129,615,"25",hierarchical_normal,Gelman_Rubin_Rhat,0.9998974112492709,1,"2026-01-29 10:22:39"
683,20260129,615,"31",empirical_bayes,RMSE,1.2483547637839811,1,"2026-01-29 10:22:39"
684,20260129,615,"31",empirical_bayes,MAE,1.2459529965560083,1,"2026-01-29 10:22:39"
685,20260129,615,"37",empirical_bayes,RMSE,1.1180118963546117,1,"2026-01-29 10:22:39"
686,20260129,615,"37",empirical_bayes,MAE,1.1081198856707257,1,"2026-01-29 10:22:39"
687,20260129,615,"38",empirical_bayes,RMSE,1.2317183074573435,1,"2026-01-29 10:22:39"
688,20260129,615,"38",empirical_bayes,MAE,1.2301087862776725,1,"2026-01-29 10:22:39"
689,20260129,616,"11",empirical_bayes,RMSE,0.06051259465024232,1,"2026-01-29 10:22:39"
690,20260129,616,"11",empirical_bayes,MAE,0.05973175532094593,1,"2026-01-29 10:22:39"
691,20260129,619,"11",hierarchical_normal,Gelman_Rubin_Rhat,0.9999596751235676,1,"2026-01-29 10:22:39"
692,20260129,619,"21",hierarchical_normal,Gelman_Rubin_Rhat,0.9998473394075328,1,"2026-01-29 10:22:39"
693,20260129,619,"22",hierarchical_normal,Gelman_Rubin_Rhat,0.9998373004466944,1,"2026-01-29 10:22:39"
694,20260129,619,"24",hierarchical_normal,Gelman_Rubin_Rhat,1.0004589416626557,1,"2026-01-29 10:22:39"
695,20260129,619,"25",hierarchical_normal,Gelman_Rubin_Rhat,0.9998308026119985,1,"2026-01-29 10:22:39"
696,20260129,619,"31",empirical_bayes,RMSE,0.6461887655438583,1,"2026-01-29 10:22:39"
697,20260129,619,"31",empirical_bayes,MAE,0.5890529361831085,1,"2026-01-29 10:22:39"
698,20260129,619,"37",empirical_bayes,RMSE,0.4260339194092462,1,"2026-01-29 10:22:39"
699,20260129,619,"37",empirical_bayes,MAE,0.26446424097504817,1,"2026-01-29 10:22:39"
700,20260129,619,"38",empirical_bayes,RMSE,0.45165010452791865,1,"2026-01-29 10:22:39"
701,20260129,619,"38",empirical_bayes,MAE,0.33766418732927467,1,"2026-01-29 10:22:39"
702,20260129,638,"11",hierarchical_normal,Gelman_Rubin_Rhat,1.0014979020040076,1,"2026-01-29 10:22:39"
703,20260129,638,"21",hierarchical_normal,Gelman_Rubin_Rhat,1.0003059834960042,1,"2026-01-29 10:22:39"
704,20260129,638,"22",hierarchical_normal,Gelman_Rubin_Rhat,0.9999611193708252,1,"2026-01-29 10:22:39"
705,20260129,638,"24",hierarchical_normal,Gelman_Rubin_Rhat,0.9997425327751301,1,"2026-01-29 10:22:39"
706,20260129,638,"25",hierarchical_normal,Gelman_Rubin_Rhat,1.0003465164974215,1,"2026-01-29 10:22:39"
707,20260129,638,"31",empirical_bayes,RMSE,1.0393480749405508,1,"2026-01-29 10:22:39"
708,20260129,638,"31",empirical_bayes,MAE,1.0110408066099403,1,"2026-01-29 10:22:39"
709,20260129,638,"37",empirical_bayes,RMSE,0.7682729303621604,1,"2026-01-29 10:22:39"
710,20260129,638,"37",empirical_bayes,MAE,0.7195227933220671,1,"2026-01-29 10:22:39"
711,20260129,638,"38",empirical_bayes,RMSE,0.8217261304216182,1,"2026-01-29 10:22:39"
712,20260129,638,"38",empirical_bayes,MAE,0.7646768322241625,1,"2026-01-29 10:22:39"
713,20260129,639,"11",empirical_bayes,RMSE,0.0015425709616021521,1,"2026-01-29 10:22:39"
714,20260129,639,"11",empirical_bayes,MAE,0.0015425709616021521,1,"2026-01-29 10:22:39"
715,20260129,639,"21",empirical_bayes,RMSE,0.013471141826876476,1,"2026-01-29 10:22:39"
716,20260129,639,"21",empirical_bayes,MAE,0.013471141826876476,1,"2026-01-29 10:22:39"
717,20260129,639,"22",empirical_bayes,RMSE,0.013471141826876476,1,"2026-01-29 10:22:39"
718,20260129,639,"22",empirical_bayes,MAE,0.013471141826876476,1,"2026-01-29 10:22:39"
719,20260129,639,"24",empirical_bayes,RMSE,0.05605492082173314,1,"2026-01-29 10:22:39"
720,20260129,639,"24",empirical_bayes,MAE,0.056054920821733134,1,"2026-01-29 10:22:39"
721,20260129,639,"25",empirical_bayes,RMSE,0.02757006620637803,1,"2026-01-29 10:22:39"
722,20260129,639,"25",empirical_bayes,MAE,0.02757006620637803,1,"2026-01-29 10:22:39"
723,20260129,640,"11",empirical_bayes,RMSE,0.06828719675564976,1,"2026-01-29 10:22:39"
724,20260129,640,"11",empirical_bayes,MAE,0.06828719675564976,1,"2026-01-29 10:22:39"
725,20260129,640,"21",empirical_bayes,RMSE,0.006482698308223789,1,"2026-01-29 10:22:39"
726,20260129,640,"21",empirical_bayes,MAE,0.006482698308223789,1,"2026-01-29 10:22:39"
727,20260129,640,"22",empirical_bayes,RMSE,0.033009452641652004,1,"2026-01-29 10:22:39"
728,20260129,640,"22",empirical_bayes,MAE,0.033009452641652004,1,"2026-01-29 10:22:39"
729,20260129,640,"24",empirical_bayes,RMSE,0.060208676190448784,1,"2026-01-29 10:22:39"
730,20260129,640,"24",empirical_bayes,MAE,0.060208676190448784,1,"2026-01-29 10:22:39"
731,20260129,640,"25",empirical_bayes,RMSE,0.08900372199622808,1,"2026-01-29 10:22:39"
732,20260129,640,"25",empirical_bayes,MAE,0.08900372199622808,1,"2026-01-29 10:22:39"
733,20260129,641,"11",hierarchical_normal,Gelman_Rubin_Rhat,1.0001247264228281,1,"2026-01-29 10:22:39"
734,20260129,641,"21",hierarchical_normal,Gelman_Rubin_Rhat,0.9999799811368455,1,"2026-01-29 10:22:39"
735,20260129,641,"22",hierarchical_normal,Gelman_Rubin_Rhat,0.9996673800082245,1,"2026-01-29 10:22:39"
736,20260129,641,"24",hierarchical_normal,Gelman_Rubin_Rhat,1.0006628793725447,1,"2026-01-29 10:22:39"
737,20260129,641,"25",hierarchical_normal,Gelman_Rubin_Rhat,0.9997880426946437,1,"2026-01-29 10:22:39"
738,20260129,641,"31",empirical_bayes,RMSE,0.662473047012882,1,"2026-01-29 10:22:39"
739,20260129,641,"31",empirical_bayes,MAE,0.6341737364227812,1,"2026-01-29 10:22:39"
740,20260129,641,"37",empirical_bayes,RMSE,0.6896402000379461,1,"2026-01-29 10:22:39"
741,20260129,641,"37",empirical_bayes,MAE,0.6362164306017695,1,"2026-01-29 10:22:39"
742,20260129,641,"38",empirical_bayes,RMSE,0.6891214917214202,1,"2026-01-29 10:22:39"
743,20260129,641,"38",empirical_bayes,MAE,0.5932157531747991,1,"2026-01-29 10:22:39"
744,20260129,642,"11",hierarchical_normal,Gelman_Rubin_Rhat,0.9996678090665757,1,"2026-01-29 10:22:39"
745,20260129,642,"21",hierarchical_normal,Gelman_Rubin_Rhat,0.9996729293535777,1,"2026-01-29 10:22:39"
746,20260129,642,"22",hierarchical_normal,Gelman_Rubin_Rhat,0.9998279715718926,1,"2026-01-29 10:22:39"
747,20260129,642,"24",hierarchical_normal,Gelman_Rubin_Rhat,0.9996691701814627,1,"2026-01-29 10:22:39"
748,20260129,642,"25",hierarchical_normal,Gelman_Rubin_Rhat,0.999743375167805,1,"2026-01-29 10:22:39"
749,20260129,642,"31",empirical_bayes,RMSE,0.852409495631049,1,"2026-01-29 10:22:39"
750,20260129,642,"31",empirical_bayes,MAE,0.8293999861828948,1,"2026-01-29 10:22:39"
751,20260129,642,"37",empirical_bayes,RMSE,0.5662954511856383,1,"2026-01-29 10:22:39"
752,20260129,642,"37",empirical_bayes,MAE,0.5523340633019007,1,"2026-01-29 10:22:39"
753,20260129,642,"38",empirical_bayes,RMSE,0.6720791408659524,1,"2026-01-29 10:22:39"
754,20260129,642,"38",empirical_bayes,MAE,0.5631612138722945,1,"2026-01-29 10:22:39"
755,20260129,644,"11",hierarchical_normal,Gelman_Rubin_Rhat,0.9999864298006732,1,"2026-01-29 10:22:39"
756,20260129,644,"21",hierarchical_normal,Gelman_Rubin_Rhat,0.9997262373919721,1,"2026-01-29 10:22:39"
757,20260129,644,"22",hierarchical_normal,Gelman_Rubin_Rhat,1.0006668347014658,1,"2026-01-29 10:22:39"
758,20260129,644,"24",hierarchical_normal,Gelman_Rubin_Rhat,0.9997788334798587,1,"2026-01-29 10:22:39"
759,20260129,644,"25",hierarchical_normal,Gelman_Rubin_Rhat,1.0000587630465423,1,"2026-01-29 10:22:39"
760,20260129,644,"31",empirical_bayes,RMSE,0.2990236278071035,1,"2026-01-29 10:22:39"
761,20260129,644,"31",empirical_bayes,MAE,0.2674029685765369,1,"2026-01-29 10:22:39"
762,20260129,644,"37",empirical_bayes,RMSE,0.28276359610372204,1,"2026-01-29 10:22:39"
763,20260129,644,"37",empirical_bayes,MAE,0.23983389034851813,1,"2026-01-29 10:22:39"
764,20260129,644,"38",empirical_bayes,RMSE,0.2592326274379263,1,"2026-01-29 10:22:39"
765,20260129,644,"38",empirical_bayes,MAE,0.23176425903920853,1,"2026-01-29 10:22:39"
766,20260129,649,"11",empirical_bayes,RMSE,0.10696821982644063,1,"2026-01-29 10:22:39"
767,20260129,649,"11",empirical_bayes,MAE,0.09771580465636553,1,"2026-01-29 10:22:39"
768,20260129,649,"25",empirical_bayes,RMSE,0.1859387140017526,1,"2026-01-29 10:22:39"
769,20260129,649,"25",empirical_bayes,MAE,0.15769601297571167,1,"2026-01-29 10:22:39"
770,20260129,649,"31",empirical_bayes,RMSE,0.24377605466212612,1,"2026-01-29 10:22:39"
771,20260129,649,"31",empirical_bayes,MAE,0.21253520454931785,1,"2026-01-29 10:22:39"
772,20260129,650,"11",empirical_bayes,RMSE,0.20877289946051752,1,"2026-01-29 10:22:39"
773,20260129,650,"11",empirical_bayes,MAE,0.15595993552027498,1,"2026-01-29 10:22:39"
774,20260129,650,"11",empirical_bayes,Jarque_Bera_pvalue,0.6639928023454748,1,"2026-01-29 10:22:39"
775,20260129,650,"21",empirical_bayes,RMSE,0.2126369880232453,1,"2026-01-29 10:22:39"
776,20260129,650,"21",empirical_bayes,MAE,0.15988532928191912,1,"2026-01-29 10:22:39"
777,20260129,650,"22",empirical_bayes,RMSE,0.17431935243182461,1,"2026-01-29 10:22:39"
778,20260129,650,"22",empirical_bayes,MAE,0.1454035659365509,1,"2026-01-29 10:22:39"
779,20260129,650,"24",empirical_bayes,RMSE,0.17431935243182461,1,"2026-01-29 10:22:39"
780,20260129,650,"24",empirical_bayes,MAE,0.1454035659365509,1,"2026-01-29 10:22:39"
781,20260129,650,"25",empirical_bayes,RMSE,0.13529472888568567,1,"2026-01-29 10:22:39"
782,20260129,650,"25",empirical_bayes,MAE,0.10985318904213652,1,"2026-01-29 10:22:39"
783,20260129,650,"31",empirical_bayes,RMSE,0.30010673522100856,1,"2026-01-29 10:22:39"
784,20260129,650,"31",empirical_bayes,MAE,0.24217634264806845,1,"2026-01-29 10:22:39"
785,20260129,650,"37",empirical_bayes,RMSE,0.2927046202516812,1,"2026-01-29 10:22:39"
786,20260129,650,"37",empirical_bayes,MAE,0.2588841151215953,1,"2026-01-29 10:22:39"
787,20260129,650,"38",empirical_bayes,RMSE,0.2546493036455435,1,"2026-01-29 10:22:39"
788,20260129,650,"38",empirical_bayes,MAE,0.19191218414019673,1,"2026-01-29 10:22:39"
789,20260129,651,"11",empirical_bayes,RMSE,0.13644748805954696,1,"2026-01-29 10:22:39"
790,20260129,651,"11",empirical_bayes,MAE,0.0903879533372649,1,"2026-01-29 10:22:39"
791,20260129,651,"11",empirical_bayes,Jarque_Bera_pvalue,0.8042481715234342,1,"2026-01-29 10:22:39"
792,20260129,651,"21",empirical_bayes,RMSE,0.17697167818675166,1,"2026-01-29 10:22:39"
793,20260129,651,"21",empirical_bayes,MAE,0.1308565476478334,1,"2026-01-29 10:22:39"
794,20260129,651,"22",empirical_bayes,RMSE,0.13437860155456471,1,"2026-01-29 10:22:39"
795,20260129,651,"22",empirical_bayes,MAE,0.11700372011296345,1,"2026-01-29 10:22:39"
796,20260129,651,"24",empirical_bayes,RMSE,0.028238406482386007,1,"2026-01-29 10:22:39"
797,20260129,651,"24",empirical_bayes,MAE,0.02566394847870927,1,"2026-01-29 10:22:39"
798,20260129,651,"25",empirical_bayes,RMSE,0.03434843465397546,1,"2026-01-29 10:22:39"
799,20260129,651,"25",empirical_bayes,MAE,0.031818473685916615,1,"2026-01-29 10:22:39"
800,20260129,651,"31",empirical_bayes,RMSE,0.2041342979365823,1,"2026-01-29 10:22:39"
801,20260129,651,"31",empirical_bayes,MAE,0.1232004104072626,1,"2026-01-29 10:22:39"
802,20260129,651,"37",empirical_bayes,RMSE,0.11733057581415489,1,"2026-01-29 10:22:39"
803,20260129,651,"37",empirical_bayes,MAE,0.08570644944712491,1,"2026-01-29 10:22:39"
804,20260129,651,"38",empirical_bayes,RMSE,0.011445688474236727,1,"2026-01-29 10:22:39"
805,20260129,651,"38",empirical_bayes,MAE,0.011126041387452545,1,"2026-01-29 10:22:39"
806,20260129,652,"11",empirical_bayes,RMSE,0.4978161841403929,1,"2026-01-29 10:22:39"
807,20260129,652,"11",empirical_bayes,MAE,0.36221974108036203,1,"2026-01-29 10:22:39"
808,20260129,652,"11",empirical_bayes,Jarque_Bera_pvalue,0.9501997867228106,1,"2026-01-29 10:22:39"
809,20260129,652,"21",empirical_bayes,RMSE,0.5690611055067839,1,"2026-01-29 10:22:39"
810,20260129,652,"21",empirical_bayes,MAE,0.43712683496362637,1,"2026-01-29 10:22:39"
811,20260129,652,"22",empirical_bayes,RMSE,0.13391346281944302,1,"2026-01-29 10:22:39"
812,20260129,652,"22",empirical_bayes,MAE,0.12894967145491817,1,"2026-01-29 10:22:39"
813,20260129,652,"24",empirical_bayes,RMSE,0.13496734557059362,1,"2026-01-29 10:22:39"
814,20260129,652,"24",empirical_bayes,MAE,0.13190367492674385,1,"2026-01-29 10:22:39"
815,20260129,652,"25",empirical_bayes,RMSE,0.1381005127586824,1,"2026-01-29 10:22:39"
816,20260129,652,"25",empirical_bayes,MAE,0.13517798932369493,1,"2026-01-29 10:22:39"
817,20260129,652,"31",empirical_bayes,RMSE,0.5637135224372225,1,"2026-01-29 10:22:39"
818,20260129,652,"31",empirical_bayes,MAE,0.5212404715768377,1,"2026-01-29 10:22:39"
819,20260129,652,"37",empirical_bayes,RMSE,0.11825462869087912,1,"2026-01-29 10:22:39"
820,20260129,652,"37",empirical_bayes,MAE,0.11214034820549716,1,"2026-01-29 10:22:39"
821,20260129,652,"38",empirical_bayes,RMSE,0.12625027612182035,1,"2026-01-29 10:22:39"
822,20260129,652,"38",empirical_bayes,MAE,0.1093473914499814,1,"2026-01-29 10:22:39"
823,20260129,653,"11",hierarchical_normal,Gelman_Rubin_Rhat,1.00019694995754,1,"2026-01-29 10:22:39"
824,20260129,653,"21",hierarchical_normal,Gelman_Rubin_Rhat,0.9996958022763736,1,"2026-01-29 10:22:39"
825,20260129,653,"22",empirical_bayes,RMSE,0.4276195299242922,1,"2026-01-29 10:22:39"
826,20260129,653,"22",empirical_bayes,MAE,0.42283466018343596,1,"2026-01-29 10:22:39"
827,20260129,653,"22",empirical_bayes,Jarque_Bera_pvalue,0.25482808929671164,1,"2026-01-29 10:22:39"
828,20260129,653,"24",hierarchical_normal,Gelman_Rubin_Rhat,0.9998966176322536,1,"2026-01-29 10:22:39"
829,20260129,653,"25",empirical_bayes,RMSE,0.5802048855943965,1,"2026-01-29 10:22:39"
830,20260129,653,"25",empirical_bayes,MAE,0.5795917073070999,1,"2026-01-29 10:22:39"
831,20260129,653,"25",empirical_bayes,Jarque_Bera_pvalue,0.25750864521283773,1,"2026-01-29 10:22:39"
832,20260129,653,"38",empirical_bayes,RMSE,0.6022291758804428,1,"2026-01-29 10:22:39"
833,20260129,653,"38",empirical_bayes,MAE,0.5884193467407149,1,"2026-01-29 10:22:39"
834,20260129,654,"11",hierarchical_normal,Gelman_Rubin_Rhat,0.9998777575503782,1,"2026-01-29 10:22:39"
835,20260129,654,"21",hierarchical_normal,Gelman_Rubin_Rhat,0.9997642399827266,1,"2026-01-29 10:22:39"
836,20260129,654,"22",hierarchical_normal,Gelman_Rubin_Rhat,0.999760428722921,1,"2026-01-29 10:22:39"
837,20260129,654,"24",hierarchical_normal,Gelman_Rubin_Rhat,0.9996701507705577,1,"2026-01-29 10:22:39"
838,20260129,654,"25",hierarchical_normal,Gelman_Rubin_Rhat,0.9998092976657946,1,"2026-01-29 10:22:39"
839,20260129,654,"31",empirical_bayes,RMSE,0.6456230937364718,1,"2026-01-29 10:22:39"
840,20260129,654,"31",empirical_bayes,MAE,0.6125326926028674,1,"2026-01-29 10:22:39"
841,20260129,654,"38",empirical_bayes,RMSE,0.882450863368615,1,"2026-01-29 10:22:39"
842,20260129,654,"38",empirical_bayes,MAE,0.8454837023916889,1,"2026-01-29 10:22:39"
843,20260129,811,"11",empirical_bayes,RMSE,0.0860319866363642,1,"2026-01-29 10:22:39"
844,20260129,811,"11",empirical_bayes,MAE,0.07120997064212199,1,"2026-01-29 10:22:39"
845,20260129,811,"21",empirical_bayes,RMSE,0.12117933786604174,1,"2026-01-29 10:22:39"
846,20260129,811,"21",empirical_bayes,MAE,0.10784434347896325,1,"2026-01-29 10:22:39"
847,20260129,811,"31",empirical_bayes,RMSE,0.07902499317339337,1,"2026-01-29 10:22:39"
848,20260129,811,"31",empirical_bayes,MAE,0.06358736342349296,1,"2026-01-29 10:22:39"
849,20260129,812,"11",empirical_bayes,RMSE,0.17501773745038987,1,"2026-01-29 10:22:39"
850,20260129,812,"11",empirical_bayes,MAE,0.16165087868916064,1,"2026-01-29 10:22:39"
851,20260129,812,"21",empirical_bayes,RMSE,0.11245161274808614,1,"2026-01-29 10:22:39"
852,20260129,812,"21",empirical_bayes,MAE,0.11206065834182155,1,"2026-01-29 10:22:39"
853,20260129,812,"31",empirical_bayes,RMSE,0.2010801992743306,1,"2026-01-29 10:22:39"
854,20260129,812,"31",empirical_bayes,MAE,0.17065605349394097,1,"2026-01-29 10:22:39"
855,20260129,813,"11",empirical_bayes,RMSE,0.09927125045725897,1,"2026-01-29 10:22:39"
856,20260129,813,"11",empirical_bayes,MAE,0.07990862068290443,1,"2026-01-29 10:22:39"
857,20260129,813,"21",empirical_bayes,RMSE,0.02670948377166305,1,"2026-01-29 10:22:39"
858,20260129,813,"21",empirical_bayes,MAE,0.026709483771663045,1,"2026-01-29 10:22:39"
859,20260129,813,"31",empirical_bayes,RMSE,0.09813380107105059,1,"2026-01-29 10:22:39"
860,20260129,813,"31",empirical_bayes,MAE,0.07510493137320218,1,"2026-01-29 10:22:39"
861,20260129,814,"11",empirical_bayes,RMSE,0.4840090254506677,1,"2026-01-29 10:22:39"
862,20260129,814,"11",empirical_bayes,MAE,0.46689811461726166,1,"2026-01-29 10:22:39"
863,20260129,814,"31",empirical_bayes,RMSE,0.5312543326045188,1,"2026-01-29 10:22:39"
864,20260129,814,"31",empirical_bayes,MAE,0.5112285123136444,1,"2026-01-29 10:22:39"
865,20260129,815,"11",empirical_bayes,RMSE,0.3681204368631627,1,"2026-01-29 10:22:39"
866,20260129,815,"11",empirical_bayes,MAE,0.3667920954709114,1,"2026-01-29 10:22:39"
867,20260129,815,"21",empirical_bayes,RMSE,0.339994358944757,1,"2026-01-29 10:22:39"
868,20260129,815,"21",empirical_bayes,MAE,0.33938602746859914,1,"2026-01-29 10:22:39"
869,20260129,815,"31",empirical_bayes,RMSE,0.3743907543945818,1,"2026-01-29 10:22:39"
870,20260129,815,"31",empirical_bayes,MAE,0.3712283079795893,1,"2026-01-29 10:22:39"
871,20260129,816,"11",empirical_bayes,RMSE,0.07303788161667431,1,"2026-01-29 10:22:39"
872,20260129,816,"11",empirical_bayes,MAE,0.07114668930722641,1,"2026-01-29 10:22:39"
873,20260129,816,"21",empirical_bayes,RMSE,0.12024916190046164,1,"2026-01-29 10:22:39"
874,20260129,816,"21",empirical_bayes,MAE,0.10772555276706974,1,"2026-01-29 10:22:39"
875,20260129,816,"31",empirical_bayes,RMSE,0.16252026409106407,1,"2026-01-29 10:22:39"
876,20260129,816,"31",empirical_bayes,MAE,0.12948231808778524,1,"2026-01-29 10:22:39"
877,20260129,817,"11",empirical_bayes,RMSE,0.27770016801544745,1,"2026-01-29 10:22:39"
878,20260129,817,"11",empirical_bayes,MAE,0.235296636363825,1,"2026-01-29 10:22:39"
879,20260129,817,"21",empirical_bayes,RMSE,0.1834039142802607,1,"2026-01-29 10:22:39"
880,20260129,817,"21",empirical_bayes,MAE,0.16795550920347502,1,"2026-01-29 10:22:39"
881,20260129,818,"11",empirical_bayes,RMSE,0.08458100181987689,1,"2026-01-29 10:22:39"
882,20260129,818,"11",empirical_bayes,MAE,0.06300646710352013,1,"2026-01-29 10:22:39"
883,20260129,818,"21",empirical_bayes,RMSE,0.09097321103246518,1,"2026-01-29 10:22:39"
884,20260129,818,"21",empirical_bayes,MAE,0.08573017330722739,1,"2026-01-29 10:22:39"
885,20260129,818,"31",empirical_bayes,RMSE,0.028343930705113946,1,"2026-01-29 10:22:39"
886,20260129,818,"31",empirical_bayes,MAE,0.019614326946399308,1,"2026-01-29 10:22:39"
