item_cd,market_group,n_obs,p_mean,obs_mean,p_sd,obs_sd,p_skew,obs_skew,p_min,obs_min,p_max,obs_max
111,11,14,0.498,10.521489414262534,0.952,0.25447919808889047,0.538,-0.03761029532540223,0.045,10.196194479235656,0.978,10.7706090484022
111,21,11,0.455,10.633977682871453,0.937,0.2624115204084829,0.873,-0.6104055783146177,0.122,10.2328272702548,0.97,10.821796246953596
111,22,10,0.466,10.565270353078335,0.982,0.21470038344975276,0.951,-0.9808366761010056,0.149,10.165890277802454,0.98,10.69650269224425
111,24,10,0.425,10.67331822576326,0.919,0.2785706784167768,0.944,-0.906474086087296,0.208,10.203629181337648,0.97,10.84546552414626
111,25,10,0.412,10.683196601202827,0.955,0.24370995880443586,0.942,-0.8955352883642604,0.131,10.305647203635566,0.964,10.835671318412196
112,11,16,0.509,9.657436703060931,0.347,1.7337260684284193,0.296,0.23751485090818084,0.104,8.003363058629947,0.835,11.561725152903833
112,21,11,0.475,10.26181281141142,0.348,1.6350624923110801,0.866,-0.5777729286354284,0.461,8.003363058629947,0.874,11.438212694578302
112,22,10,0.464,10.458017544119278,0.319,1.6365781531009342,0.942,-0.8743884289802366,0.578,8.003363058629947,0.886,11.474195031610165
112,24,10,0.457,10.45311252784092,0.285,1.583980350383355,0.936,-0.8782877127995345,0.615,8.003363058629947,0.881,11.43605521971203
112,25,10,0.48,10.56024516832765,0.335,1.6301688752639576,0.947,-0.8824401715334173,0.61,8.003363058629947,0.894,11.571203807011969
141,11,14,0.506,10.041104780953416,0.319,1.7086565814584478,0.524,-0.04556214957681533,0.292,7.993282328101591,0.816,11.703554089007538
141,21,11,0.455,10.608525141002643,0.346,1.6222997167828221,0.853,-0.5804359179138115,0.5,8.309184527686298,0.878,11.775297421715827
141,22,10,0.454,10.757608447395247,0.279,1.640336898531839,0.944,-0.8797740491580563,0.612,8.200013648175434,0.887,11.775297421715827
141,24,10,0.472,10.755024660053406,0.283,1.5816159412756259,0.932,-0.8810362503815502,0.634,8.294299608857235,0.894,11.736077016252437
141,25,10,0.439,10.762245188972368,0.317,1.6065348632047882,0.922,-0.8742254108070324,0.569,8.35490952835879,0.884,11.759793355371237
143,11,13,0.51,10.784005000748301,0.326,1.3925993683464808,0.658,-0.1684612295672051,0.295,9.15915233520675,0.871,12.019749091416921
143,24,10,0.412,11.442483637024504,0.316,1.4307563223453938,0.948,-0.8935599762815365,0.615,9.112837790614945,0.864,12.328294703023394
143,25,10,0.422,11.424792605194389,0.316,1.3919808049033435,0.947,-0.8853194724208857,0.583,9.220389707829185,0.866,12.28765724080691
151,11,16,0.503,9.242360808032776,0.427,0.8664560721257385,0.316,0.22052751416545666,0.153,8.289288323000317,0.856,10.188704088048116
151,21,11,0.454,9.611093594644148,0.413,0.9328355898668064,0.855,-0.5984355713424976,0.417,8.289288323000317,0.879,10.308985993422082
151,22,10,0.475,9.767537779714797,0.392,0.877040995007377,0.932,-0.8826669818381933,0.58,8.373553741214627,0.89,10.357774570341576
151,24,10,0.461,9.671361498678198,0.441,0.8303281682836439,0.938,-0.89959017479309,0.55,8.294299608857235,0.888,10.221977646629885
151,25,10,0.427,9.684298664920862,0.444,0.8403729031353484,0.934,-0.8897911590761466,0.577,8.294299608857235,0.851,10.308985993422082
152,11,12,0.51,8.800500022479682,0.281,2.437875640452032,0.74,-0.3574138203734069,0.421,5.707110264748875,0.85,10.825780236605917
152,21,11,0.482,8.91495498305865,0.28,2.3083303140163194,0.869,-0.595319223707506,0.574,5.5053315359323625,0.873,10.596659732783579
211,11,15,0.484,8.431971877404374,0.723,0.41896894906392895,0.613,-0.14266370209346196,0.215,7.816416983691801,0.889,8.936035096566041
211,21,11,0.433,8.48187590631194,0.905,0.2915708798320958,0.968,-1.015519471494252,0.321,7.886457270977689,0.913,8.77971129020447
211,22,10,0.433,8.596118438113589,0.88,0.3151834380938937,0.942,-1.0023518828354028,0.317,8.003363058629947,0.942,8.853808274977197
211,24,10,0.467,8.519272208131696,0.851,0.3531156226434336,0.945,-0.9949196216045405,0.374,7.820439515262181,0.919,8.798001694924846
211,25,10,0.442,8.621043808109366,0.832,0.3604039711847991,0.936,-0.861979253768862,0.288,8.003363058629947,0.934,8.899867211223587
212,11,15,0.423,8.454116809346097,0.893,0.3139793636106298,0.648,-0.21204436988613018,0.137,7.9658927350845286,0.757,8.987321812850125
212,21,11,0.469,8.38953755576548,0.955,0.26590848567069403,0.927,-0.8162669838999905,0.323,7.816416983691801,0.858,8.77971129020447
212,22,10,0.437,8.462175731859238,0.99,0.19923735572832238,0.778,-0.440875835977321,0.077,8.157943507105037,0.94,8.699681400989514
212,24,10,0.503,8.351012235825042,0.996,0.15731132375162493,0.98,-1.2325708975279523,0.14,8.006700845440367,0.984,8.482808764554406
212,25,10,0.519,8.323341363328861,0.989,0.18193202316922938,0.918,-0.7541250158983038,0.165,7.9483852851118995,0.948,8.566173813637858
213,11,16,0.475,7.92739470249527,0.353,1.4954513360410626,0.346,0.16552606774684078,0.192,6.2166061010848646,0.773,9.680406499268875
213,21,11,0.461,8.440573654161552,0.341,1.2703822699369216,0.846,-0.5703261136426743,0.473,6.634633357861686,0.849,9.472781556562168
213,22,10,0.466,8.62459363061976,0.375,1.0985712475326668,0.933,-0.8855286450451251,0.57,6.898714534329988,0.887,9.392745258631441
213,24,10,0.432,8.7234987579365,0.33,1.3093843844291353,0.937,-0.8951384666126018,0.632,6.55250788703459,0.866,9.65509029374725
213,25,10,0.449,8.665554585974187,0.333,1.2844580413361684,0.945,-0.8629729264081263,0.641,6.523562306149512,0.816,9.661479683575521
214,11,16,0.474,8.320858498815067,0.343,1.3837645318796763,0.316,0.230400937290707,0.138,6.957497370876951,0.771,9.937937287265354
214,21,11,0.47,8.842974664349159,0.325,1.3805635234290226,0.849,-0.5820439950670464,0.479,6.90875477931522,0.845,9.952325334619427
214,22,10,0.468,9.09859083436665,0.327,1.3849918817503903,0.945,-0.926832555828785,0.681,6.68586094706836,0.88,9.99884318585288
214,24,10,0.469,9.083285136968344,0.319,1.3366275098592422,0.94,-0.8975584159210277,0.657,6.878326468291325,0.878,9.980494888896912
214,25,10,0.463,8.989904077299842,0.331,1.3285574129013995,0.941,-0.9400513701931731,0.705,6.621405651764134,0.823,9.985113621416073
215,11,12,0.475,8.777347620838142,0.46,0.7807681721481331,0.929,-0.7588431554999938,0.623,7.346655163176539,0.877,9.488047863280759
215,21,11,0.504,8.532856312855506,0.554,0.5729145914080239,0.968,-1.0904096009164135,0.699,7.300472814267799,0.916,8.987321812850125
215,22,10,0.484,8.641062231586464,0.721,0.43662198508327627,0.996,-1.601585498753709,0.699,7.601402334583733,0.925,8.987321812850125
215,24,10,0.462,8.84361480060603,0.638,0.5214748621919011,0.971,-1.1312605473654547,0.63,7.754052639035757,0.914,9.239996256883693
221,11,10,0.421,10.14293405113768,0.805,0.38002335436475176,0.17,0.547799331451239,0.06,9.809231816610408,0.728,10.6782377612977
221,21,10,0.527,9.980440160200077,0.907,0.2874589387092177,0.62,-0.1333259043100881,0.189,9.546884034617925,0.911,10.308985993422082
221,25,10,0.51,9.977681669181274,0.893,0.2923858646050177,0.317,0.25690032937361973,0.134,9.61587214452889,0.721,10.499600568082863
223,11,16,0.474,10.309083873381152,0.562,0.60329033350407,0.529,-0.028602574142742334,0.447,9.239996256883693,0.744,11.149096419938578
223,21,11,0.464,10.762554118566356,0.416,0.9716555905577198,0.879,-0.6551154821225461,0.611,9.105090961257085,0.824,11.6172944892629
223,22,10,0.41,11.036833862818293,0.406,0.879955407622303,0.944,-0.8711298351646213,0.481,9.680406499268875,0.832,11.719947764402807
223,24,10,0.497,10.535214162047474,0.512,0.6147600537049024,0.954,-1.0070763125667275,0.689,9.32375833901174,0.91,10.97337452485014
223,25,10,0.483,10.522370633293852,0.584,0.5906185190515596,0.918,-0.7949965010409253,0.589,9.433563920090563,0.847,11.034905792929415
224,11,16,0.501,8.605937256353975,0.395,1.0293795460936592,0.32,0.23360905378721028,0.148,7.5126175446745105,0.751,9.913487387114461
224,21,11,0.48,8.84551071654412,0.42,0.9336470206658348,0.855,-0.5849998553293838,0.485,7.438971592395862,0.792,9.741027444837728
224,22,10,0.447,9.036448548741319,0.342,0.9848721603054389,0.94,-0.9189778798976992,0.653,7.313886831633462,0.831,9.798182590890704
224,24,10,0.463,9.150120667267782,0.357,0.955547436690407,0.926,-0.8731164542068075,0.525,7.736743682453495,0.891,9.77571099759397
224,25,10,0.469,9.010063729155707,0.419,0.940499789235447,0.939,-0.8999226916047199,0.589,7.415175109613295,0.86,9.692828247710418
225,11,16,0.524,9.178643415515527,0.586,0.5421689423537095,0.741,-0.30953398169653923,0.378,8.291797105048733,0.868,9.820160289946374
225,21,11,0.467,9.423492679513584,0.644,0.4857050703889653,0.911,-0.7485753658049603,0.451,8.575650760987806,0.896,9.852246888342531
225,22,10,0.427,9.520486219684477,0.675,0.47711825464065505,0.981,-1.2823289635613722,0.617,8.476579508530941,0.942,9.798182590890704
225,24,10,0.418,9.54425236127079,0.689,0.4654924511569068,0.981,-1.1870937506638222,0.566,8.566173813637858,0.925,9.825580063659602
225,25,10,0.457,9.404942623678636,0.862,0.32938921060213505,0.967,-1.0499087994368124,0.404,8.73568594451502,0.926,9.680406499268875
226,11,16,0.496,8.84467793360346,0.348,1.255596873911663,0.303,0.23255138840351763,0.141,7.528869256642251,0.707,10.50783084142058
226,21,11,0.461,9.337437517304108,0.343,1.2504342103256096,0.846,-0.5689755544927831,0.456,7.565793282428515,0.798,10.463131911491967
226,22,10,0.456,9.5882835457442,0.376,1.1166243275241698,0.936,-0.8522496233792465,0.568,7.8636512654486515,0.855,10.434145214930487
226,25,10,0.483,9.381901611458098,0.376,1.021253965062538,0.937,-0.8774044739795928,0.622,7.67368812926773,0.813,10.239995502805316
231,11,16,0.476,8.349721643770794,0.378,1.0474088096202316,0.321,0.23162232037064073,0.119,7.300472814267799,0.78,9.62911649414402
231,21,11,0.465,8.592552235722657,0.358,0.9874494299482688,0.907,-0.6754100674797636,0.632,6.8885724595653635,0.888,9.305741456739435
231,22,10,0.452,8.749644323873934,0.406,0.9490004771311492,0.933,-0.8736685305661148,0.52,7.266128779556451,0.877,9.392745258631441
231,24,10,0.452,8.684818196717547,0.4,0.8795311979489582,0.937,-0.8515999617100051,0.488,7.3783837129967145,0.849,9.332646496360152
231,25,10,0.462,8.742440327886616,0.406,0.9647799746430734,0.931,-0.8475406823422305,0.492,7.307202314764738,0.817,9.53249633228804
232,11,16,0.493,8.477335251322312,0.555,0.6197845938353598,0.671,-0.19679232813114225,0.371,7.496097345175956,0.92,9.105090961257085
232,21,11,0.444,8.790567348502483,0.737,0.44014766357935825,0.868,-0.6176904161668633,0.277,8.134760782418645,0.942,9.105090961257085
232,22,10,0.45,8.726576511805035,0.824,0.36214351681688534,0.974,-1.0842652970315414,0.402,8.016647877057803,0.946,8.94389780251682
232,24,10,0.43,8.864554713354964,0.739,0.4392914488941811,0.971,-1.046832480297172,0.464,8.006700845440367,0.941,9.130322663990151
232,25,10,0.424,8.80684504803257,0.725,0.43986674580996316,0.971,-1.2024755448913524,0.558,7.8713112033234065,0.938,9.066585468331045
233,11,12,0.46,9.342391959981052,0.535,0.624964800346324,0.66,-0.23196989944123397,0.272,8.517393171418904,0.759,10.064798252418377
242,11,16,0.48,8.877253039282444,0.329,2.0079366627246222,0.307,0.24151008544180802,0.123,6.90875477931522,0.77,11.19822841866684
242,21,11,0.463,9.603372420427235,0.289,2.0903299266418296,0.853,-0.5730115539380355,0.487,6.710523109452428,0.844,11.211833885608513
242,22,10,0.45,9.815406428162708,0.296,1.9983077290025697,0.939,-0.8934714430185692,0.667,6.493753839851686,0.841,11.170449240431308
242,24,10,0.465,9.79500458002692,0.296,1.969748583739173,0.935,-0.8882788034670459,0.654,6.55250788703459,0.858,11.136062390867204
242,25,10,0.448,9.815995101453117,0.27,1.947905193761005,0.925,-0.878235728411065,0.654,6.698268054115413,0.818,11.187209175200515
243,11,15,0.481,9.099344559555714,0.325,1.7875944751053323,0.425,0.08680480861406611,0.254,6.985641817639208,0.75,11.214532906153606
243,21,11,0.478,9.647477741415319,0.313,1.7983600090713912,0.879,-0.6165985809871593,0.609,6.803505257608338,0.832,11.050905878263567
243,24,10,0.435,9.979523774247891,0.296,1.7900493955048722,0.971,-0.9787727992124546,0.771,6.647688373563329,0.88,11.131679686740132
245,11,16,0.482,8.666230197973917,0.373,1.1320574418617693,0.295,0.2244829403607648,0.16,7.415175109613295,0.845,9.90353755128617
245,21,11,0.485,8.954866637269273,0.384,1.018357608661541,0.852,-0.5862850448203032,0.469,7.467942332285852,0.907,9.686636660844938
245,22,10,0.468,9.189424583140978,0.396,0.9864393052675331,0.931,-0.912836459362706,0.605,7.565793282428515,0.899,9.798182590890704
245,24,10,0.445,9.188092406148112,0.393,0.9657281016399388,0.934,-0.8820148698398617,0.524,7.714677473800927,0.905,9.787009914477434
245,25,10,0.461,9.178343225610535,0.389,1.045788650976201,0.938,-0.919406502874237,0.649,7.390798521735676,0.903,9.841665338892785
246,11,16,0.475,9.110193101179123,0.805,0.3650683229604834,0.149,0.5075432871290229,0.222,8.511376306094673,0.567,9.846440897156853
246,21,11,0.465,8.959645044296296,0.913,0.3024338634515702,0.0,2.5727537183246225,0.021,8.764209507142004,0.324,9.846440897156853
246,22,10,0.462,9.061763001372714,0.997,0.16052394287796543,0.001,1.8891998937197079,0.02,8.939974177289633,0.779,9.472781556562168
246,24,10,0.571,8.726980008589038,0.995,0.17990900854078087,0.999,-1.7750113685642581,0.299,8.261268150577648,0.964,8.94389780251682
246,25,10,0.561,8.730009548407427,0.751,0.4298998203606153,0.003,1.6024798762121102,0.105,8.373553741214627,0.325,9.77229627684378
247,11,15,0.462,10.504221797613651,0.413,1.0150528314526168,0.565,-0.0762837448006453,0.327,9.082620630373812,0.853,11.51293546492023
247,21,11,0.46,10.790455053621763,0.387,0.9477317308738589,0.893,-0.672978183679537,0.547,9.287394001418473,0.891,11.461642696843066
247,22,10,0.478,10.874456548670413,0.416,0.8563820779060886,0.948,-0.9562811814052711,0.667,9.332646496360152,0.909,11.407576060361786
247,24,10,0.459,10.826122904850878,0.434,0.8072086687190106,0.948,-0.9474737624732175,0.611,9.392745258631441,0.891,11.321777065973317
247,25,10,0.461,10.712542437115122,0.436,0.7717273839874843,0.948,-0.9769340613574715,0.664,9.287394001418473,0.907,11.184435286790631
252,11,16,0.505,9.127014179267368,0.346,1.9168751940999371,0.417,0.15009890878931406,0.324,6.566672429803241,0.819,11.289794413577894
252,21,11,0.489,9.577310895610891,0.3,1.7844342138865363,0.869,-0.5892193308982305,0.548,6.93828448401696,0.877,10.859018228147887
252,22,10,0.464,9.883082498887187,0.331,1.6061675989572153,0.934,-0.8893945661304252,0.605,7.327123292259293,0.878,10.87806606028079
252,24,10,0.454,9.69379861854191,0.327,1.6896940850878182,0.95,-0.9552694291957865,0.722,6.634633357861686,0.877,10.742918838113225
252,25,10,0.441,9.71499228464597,0.301,1.5724772637552844,0.926,-0.8987926047315251,0.6,7.223295679562314,0.858,10.799595985047786
253,11,16,0.482,9.058692355392296,0.39,1.2143905226088574,0.365,0.16807049413945435,0.198,7.601402334583733,0.67,10.736418414365376
253,21,11,0.479,9.39080923608688,0.329,1.3757969774072625,0.91,-0.7336601879787882,0.667,7.01301578963963,0.883,10.404293143019792
253,22,10,0.466,9.702183788570082,0.366,1.1505209112805035,0.96,-0.9927547805141371,0.73,7.534228326274089,0.879,10.434145214930487
253,24,10,0.465,9.811597534664788,0.355,1.221402557652946,0.938,-0.8722514997933372,0.697,7.65491704784832,0.818,10.825780236605917
253,25,10,0.434,9.753743753085377,0.346,1.1761136247990585,0.944,-0.9130913679642197,0.705,7.601402334583733,0.728,10.881832472145556
255,11,14,0.487,9.283798546142146,0.357,1.974155011352178,0.504,-0.008167192201219357,0.217,7.13966033596492,0.798,11.356283350762888
255,21,11,0.473,9.682141730473749,0.313,2.0699465320546913,0.864,-0.6028829216120069,0.522,6.683360945766275,0.846,11.314486721293981
255,22,10,0.482,9.973888731997604,0.318,1.9794901137468526,0.95,-0.9343069752850426,0.72,6.493753839851686,0.9,11.225256725762893
255,24,10,0.47,9.97241157345671,0.287,1.9564169174039765,0.945,-0.9227500139131241,0.704,6.580639137284949,0.864,11.259335592686217
256,11,16,0.495,8.751732603331831,0.351,1.4665943574017912,0.291,0.2316674068128534,0.148,7.193685818395112,0.773,10.510559281627845
256,21,11,0.465,9.17108020502809,0.335,1.4014169790067015,0.818,-0.5682325220566793,0.447,7.244941546337007,0.852,10.275085591132715
256,22,10,0.45,9.450267107411767,0.336,1.37088067687259,0.918,-0.8912535684929188,0.617,7.215975002651466,0.883,10.308985993422082
256,24,10,0.484,9.283852721568246,0.309,1.3358159705327157,0.93,-0.93985849003668,0.713,6.90875477931522,0.906,10.110542371500753
256,25,10,0.462,9.491685165895484,0.336,1.376888344169908,0.942,-0.8794940274622282,0.587,7.313886831633462,0.87,10.425282789490705
257,11,16,0.445,10.257250396461066,0.596,0.5701882219102151,0.558,-0.0634433960258811,0.204,9.472781556562168,0.892,10.889323003601277
257,21,11,0.5,10.070232869158197,0.72,0.42879598381627493,0.827,-0.551128076613007,0.246,9.45727857185611,0.898,10.463131911491967
257,22,10,0.46,10.168686294340683,0.75,0.43080528453597455,0.936,-0.9260070246373813,0.376,9.417435838868785,0.944,10.434145214930487
257,24,10,0.477,10.11656709124884,0.77,0.3896171731487631,0.968,-1.0667627992738227,0.478,9.350189267092581,0.936,10.351405324899678
257,25,10,0.485,10.053772609574006,0.912,0.28646132303186894,0.928,-0.7920125300283664,0.186,9.615205300012315,0.936,10.295563423525277
258,11,16,0.488,10.332088042421127,0.366,1.289994203842903,0.284,0.2339045219659411,0.12,9.027738775974909,0.841,11.744045122410057
258,21,11,0.477,10.777828511215425,0.34,1.2733423982946517,0.848,-0.5692547206096669,0.437,9.079206103951382,0.87,11.695255355062795
258,22,10,0.471,10.953654610472633,0.345,1.266661634884442,0.951,-0.9089104076710375,0.646,8.81744592104187,0.894,11.736077016252437
258,24,10,0.465,10.94142313169398,0.339,1.2315553372280943,0.949,-0.8965664020598798,0.614,8.922791623969637,0.894,11.703554089007538
258,25,10,0.432,10.933086130059078,0.332,1.2469250679242825,0.945,-0.9068229386637429,0.65,8.839421607620602,0.884,11.703554089007538
279,11,16,0.483,8.706240919700164,0.393,0.948250146639727,0.401,0.16623004440019698,0.181,7.591357046698551,0.811,9.83097062169695
279,21,11,0.453,8.902308523084825,0.425,0.8713273377794288,0.857,-0.5992195555477134,0.492,7.550135342488429,0.833,9.680406499268875
279,22,10,0.472,8.97988459633798,0.474,0.7069927979901615,0.943,-0.8894318585404001,0.576,7.754052639035757,0.846,9.546884034617925
279,24,10,0.458,8.944379290276396,0.492,0.7193102135505118,0.953,-0.9906722657566144,0.654,7.601402334583733,0.907,9.417435838868785
279,25,10,0.471,8.907999439003035,0.441,0.8227395891068919,0.953,-1.000484527190494,0.718,7.313886831633462,0.864,9.568084743872936
280,11,11,0.502,9.083842119825984,0.359,1.156960241145259,0.844,-0.56661136047515,0.46,7.484930283289661,0.852,10.056251557087757
280,21,10,0.504,9.121344375860764,0.362,1.0025224868614788,0.956,-0.9046557078063684,0.667,7.438971592395862,0.907,9.741027444837728
280,24,10,0.486,9.24854713836297,0.345,1.0739291343820536,0.94,-0.9007593733615192,0.661,7.456454555176209,0.89,9.933094897288786
280,25,10,0.472,9.231673140476852,0.344,1.075205462946668,0.945,-0.8934128132352958,0.663,7.415175109613295,0.839,10.043292972227004
312,11,10,0.441,11.257105208114577,0.326,1.3855553524349944,0.973,-1.1399264195516792,0.821,8.387312270561717,0.886,12.083910661257521
315,11,16,0.475,7.537040114319116,0.364,1.4221165737603774,0.314,0.24453537436120967,0.144,6.1092475827643655,0.677,9.44943600950432
315,21,11,0.469,7.939129782547366,0.363,1.2731558049871723,0.852,-0.5869872094084536,0.481,6.1092475827643655,0.875,8.853808274977197
315,22,10,0.499,8.050108215464132,0.316,1.3692696504775312,0.922,-0.8796917366232837,0.617,5.8888779583328805,0.867,8.987321812850125
315,24,10,0.436,8.061001289183418,0.327,1.1934077399602268,0.947,-0.9174918425013353,0.613,6.1092475827643655,0.841,8.899867211223587
315,25,10,0.471,8.015781520831137,0.347,1.2555720801928119,0.928,-0.8285574602285704,0.562,6.1092475827643655,0.798,9.066585468331045
316,11,16,0.505,7.626562910950927,0.347,1.6311796354390606,0.301,0.24596155741975298,0.112,6.052089168924417,0.798,9.510519035757246
316,21,11,0.487,8.166318092976836,0.319,1.5886230701473074,0.846,-0.5978994800496537,0.566,5.7899601708972535,0.89,9.305741456739435
316,22,10,0.442,8.346124230017887,0.317,1.5452933264866928,0.93,-0.8735650558296929,0.551,6.052089168924417,0.884,9.305741456739435
316,24,10,0.458,8.29601135193587,0.341,1.5208416998253529,0.947,-0.8767060441595855,0.559,5.968707559985366,0.893,9.239996256883693
316,25,10,0.442,8.53664697368222,0.322,1.5722034109126637,0.942,-0.8948267896489788,0.61,6.052089168924417,0.848,9.61587214452889
317,11,16,0.485,7.579688286325185,0.353,1.380150799392015,0.302,0.2515912545890273,0.107,6.26530121273771,0.75,9.278092474027002
317,21,11,0.454,8.012273929715862,0.344,1.355244889126498,0.841,-0.5781790913928243,0.434,6.111467339502679,0.859,8.987321812850125
317,22,10,0.47,8.06557028478549,0.313,1.3138283228476828,0.941,-0.937289023419762,0.715,5.739792912179234,0.845,8.987321812850125
317,24,10,0.435,8.225050063127522,0.352,1.417072520751243,0.942,-0.8982886129762219,0.579,5.993961427306569,0.889,9.122710622015209
317,25,10,0.465,8.09619010998384,0.346,1.2894230606310984,0.942,-0.9055568527780273,0.664,5.916202062607435,0.865,8.987321812850125
411,11,16,0.478,10.65569159303054,0.566,0.6107562662682338,0.388,0.14862770195059277,0.111,9.980494888896912,0.89,11.336200219573199
411,21,11,0.44,10.854080408160717,0.524,0.6128983306735613,0.885,-0.6461667417377737,0.429,9.893487720457795,0.882,11.326607934898927
411,22,10,0.433,10.885827386306833,0.679,0.4824549250581367,0.955,-0.970239363736325,0.403,10.085017129129874,0.928,11.184435286790631
411,24,10,0.456,10.918603915046141,0.532,0.611067400198485,0.939,-0.8805737369352495,0.481,9.928228944424575,0.911,11.356283350762888
411,25,10,0.451,10.937084973698637,0.645,0.5063019725610232,0.938,-0.9661890200384387,0.419,10.085017129129874,0.924,11.264476926102367
412,11,16,0.537,10.616488326336507,0.703,0.4454787048081656,0.47,0.045162965445523444,0.15,10.050225108647712,0.923,11.103467395592086
412,21,11,0.479,10.722065287625242,0.668,0.4845765696583599,0.91,-0.7183480258291559,0.41,9.89500164888583,0.909,11.127277689932466
414,11,15,0.477,9.899291833559568,0.982,0.211739474033855,0.114,0.6340407556456276,0.007,9.69898173460629,0.887,10.295563423525277
414,21,11,0.564,9.694679387031346,0.922,0.28571424604494816,0.097,0.6835080385187667,0.201,9.259225769705994,0.797,10.19058195234216
414,22,10,0.568,9.672255789565536,0.917,0.28837709666751415,0.013,1.3701263192253212,0.06,9.441531454869693,0.731,10.227778757855184
414,24,10,0.535,9.782838025143718,0.971,0.23201166441579094,0.012,1.27099019652363,0.047,9.568084743872936,0.793,10.227778757855184
414,25,10,0.583,9.676531104456835,0.886,0.3105826009546934,0.044,1.0011406963540954,0.089,9.392745258631441,0.757,10.227778757855184
415,11,15,0.5,8.937121392168942,0.407,0.9403946626775205,0.387,0.1539998374587899,0.136,7.9966538754626075,0.748,10.110542371500753
415,21,11,0.466,9.1907329685907,0.416,0.8153361775407117,0.869,-0.6918990468942625,0.532,7.8636512654486515,0.848,9.852246888342531
415,22,10,0.459,9.344428928963353,0.436,0.7671132904869299,0.926,-0.8518198918603965,0.468,8.219056661060598,0.864,9.90353755128617
415,24,10,0.446,9.370101365307272,0.418,0.8669598965227633,0.928,-0.8706549918939356,0.509,8.036249942132116,0.857,10.012386799492118
415,25,10,0.485,9.340943910843862,0.445,0.8061767228864254,0.939,-0.8903913447464794,0.588,8.013343181386672,0.893,9.918425424900335
416,11,16,0.479,10.18457911672041,0.558,0.6126947714310291,0.499,0.022943552224004037,0.375,9.210440366976517,0.899,10.831726617926124
416,21,11,0.469,10.433708929079653,0.575,0.5893659195249966,0.928,-0.8202065834862912,0.506,9.392745258631441,0.932,10.839600519357369
416,22,10,0.424,10.486519808519976,0.737,0.4233643719863512,0.959,-1.034854790299165,0.46,9.679155795585109,0.921,10.778977123006351
416,24,10,0.476,10.419788572390049,0.606,0.5503574943250361,0.98,-1.246898506247586,0.647,9.259225769705994,0.935,10.764286715905591
416,25,10,0.454,10.415164694078099,0.57,0.6086836032162571,0.951,-0.9406025360169928,0.538,9.332646496360152,0.919,10.805699643800724
418,11,14,0.49,7.92884359031031,0.323,2.3528065995709793,0.52,-0.0075704596087212426,0.194,5.4638318050256105,0.828,10.214678610538817
418,21,11,0.48,8.436544703637919,0.284,2.1690655629956104,0.841,-0.5711581322001845,0.472,5.521460917862246,0.88,9.99884318585288
418,22,10,0.46,8.721545392408464,0.255,2.177642734511356,0.937,-0.8746146311184663,0.61,5.472270673671475,0.865,10.085850775128717
418,24,10,0.463,8.740947808998673,0.299,2.243433752402116,0.942,-0.8780474017146473,0.604,5.303304908059076,0.878,10.188704088048116
418,25,10,0.46,8.759348235831249,0.26,2.1624956741572627,0.935,-0.8740994563817163,0.609,5.472270673671475,0.874,10.165890277802454
420,11,13,0.476,9.646672638121146,0.486,0.7394695636019798,0.701,-0.26229098046928184,0.345,8.609042845046117,0.902,10.308985993422082
420,21,11,0.472,9.722569854791756,0.531,0.6831894383243154,0.893,-0.7009036396822907,0.5,8.612685172875459,0.92,10.203629181337648
420,22,10,0.468,9.847440856078261,0.461,0.7041960993758012,0.949,-1.001240510961854,0.573,8.64135583403666,0.913,10.275085591132715
420,24,10,0.45,9.89086507598219,0.491,0.7186861877669289,0.947,-0.9831486704282761,0.513,8.698013622083925,0.901,10.328787967145063
420,25,10,0.482,9.79893191370655,0.546,0.6210295449446881,0.947,-0.967059248116319,0.569,8.698013622083925,0.854,10.318935994253193
422,11,16,0.501,9.109681082873001,0.941,0.2632561220217171,0.114,0.5709933967419023,0.022,8.862341963516347,0.734,9.65509029374725
422,21,11,0.577,8.90857804859402,0.9,0.31179476300402814,0.06,0.9398765567029824,0.034,8.699681400989514,0.714,9.497097016351463
422,22,10,0.585,8.962707267333588,0.978,0.22095692825555785,0.018,1.260305318265862,0.018,8.824824939175638,0.819,9.3910773406399
422,24,10,0.562,8.958824264494348,0.931,0.26713728261651165,0.063,0.8749594806832822,0.039,8.77971129020447,0.834,9.3910773406399
422,25,10,0.532,9.000832171718947,0.943,0.2589807832353814,0.054,1.0150536909146213,0.041,8.824824939175638,0.738,9.497097016351463
424,11,14,0.469,10.167923884475808,0.399,1.041926083801209,0.56,-0.08911453783735653,0.323,8.77971129020447,0.851,11.156264806643742
424,21,11,0.497,10.38590699541709,0.373,1.0089114315296899,0.85,-0.5917775066318024,0.52,8.860924729719041,0.909,11.127277689932466
424,24,10,0.47,10.507681224136277,0.428,0.908568904930967,0.936,-0.8900502559686082,0.564,9.036106025364846,0.896,11.121378054821049
424,25,10,0.4,10.536583948317187,0.386,0.9744588816263755,0.962,-0.9222400741517479,0.622,8.853808274977197,0.897,11.156264806643742
425,11,13,0.512,9.989878143466907,0.311,1.7970144116075937,0.626,-0.15858981107395467,0.26,7.993282328101591,0.842,11.608244735642321
425,21,10,0.493,10.448042343651949,0.303,1.7257964154253134,0.949,-0.9161795532867733,0.698,7.496097345175956,0.878,11.51293546492023
425,22,10,0.476,10.517715697253426,0.32,1.6446381972569974,0.939,-0.8782492113194742,0.601,8.006700845440367,0.895,11.571203807011969
425,24,10,0.476,10.537338859086976,0.287,1.6976124195030948,0.936,-0.8849976734790262,0.65,7.844240718141811,0.869,11.635151947212842
425,25,10,0.489,10.579011271059722,0.288,1.6746267396771868,0.935,-0.8763389449188093,0.598,8.058643712215618,0.894,11.635151947212842
428,11,13,0.496,9.72797812891221,0.335,1.2108923660372108,0.659,-0.20079120795520716,0.328,8.205491613120236,0.846,10.86477077032911
428,21,10,0.499,9.934735188825139,0.343,1.1840503781184721,0.944,-0.8827062698232337,0.596,8.101980731853192,0.92,10.668978650219241
428,25,10,0.452,10.141240015912164,0.336,1.2593329060757248,0.922,-0.8771204899691816,0.57,8.205491613120236,0.897,10.933124826700707
611,11,14,0.485,9.763589218277158,0.345,1.5148355337944828,0.515,-0.013930064308843386,0.242,8.11102783819368,0.858,11.219909190927746
611,21,10,0.505,10.381111967029419,0.326,1.3631187330998498,0.935,-0.8921053855051366,0.639,8.160803920954665,0.91,11.225256725762893
611,22,10,0.498,10.125504908909498,0.339,1.2396730671719154,0.933,-0.8859901666606954,0.579,8.188966863648876,0.908,10.898607948952096
611,24,10,0.434,10.369976645246108,0.299,1.3924495831964792,0.951,-0.8847384473348741,0.634,8.157943507105037,0.887,11.233224789593368
611,25,10,0.454,10.455568758037225,0.296,1.5053299613044864,0.936,-0.8862026604122445,0.594,8.157943507105037,0.885,11.388506711556236
613,11,13,0.481,9.195187197337065,0.483,0.70000250630936,0.762,-0.39578291566583645,0.423,8.101980731853192,0.898,9.798182590890704
613,21,11,0.482,9.278992813572073,0.484,0.7110866371942149,0.956,-0.977550387348421,0.637,7.95892649305011,0.914,9.75272280064639
613,22,10,0.479,9.373716667798583,0.469,0.7546459535969192,0.94,-0.9231642318745961,0.565,8.101980731853192,0.891,9.883335864325275
613,24,10,0.443,9.421610024479474,0.435,0.806374099275303,0.958,-0.9221036794517616,0.558,8.101980731853192,0.924,9.918425424900335
615,11,12,0.475,9.654796417444052,0.349,1.3342389748660977,0.759,-0.4076814353329643,0.438,7.804251383528112,0.878,10.721084386282662
615,21,10,0.494,10.043799377624945,0.313,1.2692035373353256,0.94,-0.8755223332022852,0.577,8.160803920954665,0.901,10.831726617926124
615,22,10,0.474,10.025018109843149,0.365,1.1589876609379541,0.951,-0.8902323472820864,0.598,8.160803920954665,0.906,10.742918838113225
615,24,10,0.446,10.071110716804606,0.333,1.3191611533377325,0.942,-0.9260778915778413,0.647,7.804251383528112,0.895,10.883710371704016
615,25,10,0.476,10.126441001931761,0.326,1.3500371553564539,0.936,-0.9137645018652737,0.658,7.8713112033234065,0.903,10.959557617938563
619,11,16,0.486,8.822790419208633,0.487,0.7134416631270428,0.681,-0.23272723599718464,0.206,7.901377353792616,0.875,9.588845298501564
619,21,11,0.464,8.924157474249755,0.5,0.6657972042161143,0.873,-0.6037548569942177,0.388,7.989899374942939,0.916,9.401043372798053
619,22,10,0.456,9.08600761165778,0.512,0.6375918565983291,0.967,-1.0475192540599743,0.565,7.989899374942939,0.918,9.488047863280759
619,24,10,0.467,9.049603749095366,0.505,0.641119922730268,0.956,-0.9657701428480384,0.523,7.989899374942939,0.926,9.441531454869693
619,25,10,0.488,8.961621633369441,0.516,0.6403581512703912,0.926,-0.8805349685724884,0.46,7.989899374942939,0.915,9.358846580275406
638,11,16,0.508,8.974400133508446,0.393,1.1122112837861875,0.362,0.16324954789289503,0.256,7.601402334583733,0.822,10.188704088048116
638,21,10,0.454,9.542028791977957,0.369,1.152394173638805,0.965,-1.0087161361677501,0.727,7.365812837209472,0.866,10.261196961231647
638,22,10,0.443,9.509716307743707,0.353,1.0999719609078702,0.943,-0.954664857097562,0.694,7.53955882930103,0.878,10.188704088048116
638,24,10,0.447,9.52289463317782,0.362,1.0687735937258522,0.939,-0.9172791708387525,0.639,7.696667081526462,0.876,10.203629181337648
638,25,10,0.463,9.40823692081657,0.372,1.0038733843666976,0.944,-0.9009701837602829,0.674,7.664346632098617,0.878,10.073272520325904
641,11,16,0.494,8.107779026898275,0.465,0.7932383870043004,0.519,-0.04548847325175952,0.513,6.68586094706836,0.828,9.018089684104343
641,21,11,0.437,8.396813279290988,0.542,0.611171972841627,0.96,-1.0763413238328536,0.725,7.057036981697891,0.928,8.804024902413179
641,22,10,0.447,8.465293067067872,0.469,0.8001759792612833,0.978,-1.2067620142699338,0.777,6.7580945044277305,0.908,8.95686647085414
641,24,10,0.452,8.479665149102782,0.462,0.736681349590157,0.977,-1.0849834998269792,0.687,7.00397413672268,0.932,8.922791623969637
641,25,10,0.426,8.448972052762818,0.438,0.759389017672534,0.974,-1.1687805444378891,0.743,6.85751406254539,0.92,8.899867211223587
642,11,16,0.494,8.630717455856868,0.453,0.8183222611171036,0.563,-0.10791402546870515,0.423,7.313886831633462,0.894,9.472781556562168
642,21,11,0.463,9.072923595559752,0.473,0.6945983157584793,0.947,-0.8985959059958679,0.692,7.696667081526462,0.918,9.546884034617925
642,22,10,0.421,9.112689344753994,0.426,0.8104079393342704,0.97,-1.0568637795375009,0.702,7.5126175446745105,0.903,9.60245002503719
642,24,10,0.467,9.09561278519784,0.446,0.7617122643056317,0.975,-1.1789055137543074,0.768,7.496097345175956,0.917,9.546884034617925
642,25,10,0.43,9.131414829548195,0.492,0.7241464428611804,0.96,-1.0652100287587216,0.682,7.7057128238944275,0.895,9.568084743872936
644,11,15,0.498,9.847307355690281,0.777,0.3893962334897757,0.45,0.06350082362866888,0.099,9.392745258631441,0.799,10.434145214930487
644,21,10,0.54,9.701718143896773,0.948,0.24809403621080808,0.008,1.4292180520880176,0.034,9.546884034617925,0.698,10.238565961087293
644,22,10,0.563,9.661867613601709,0.87,0.33268383234157245,0.01,1.285754983075658,0.067,9.417435838868785,0.64,10.305647203635566
644,24,10,0.572,9.755966102140029,0.92,0.28455731163198134,0.021,1.2215371188110382,0.058,9.517898598432753,0.717,10.305647203635566
644,25,10,0.528,9.777102897555537,0.916,0.29226331905029346,0.058,0.8415970991833491,0.075,9.503084610020228,0.743,10.305647203635566
653,11,11,0.486,10.007839071068696,0.607,0.5267694535142677,0.879,-0.6054714766725029,0.4,9.201400530406708,0.932,10.392098241730961
653,21,11,0.466,9.982328598593977,0.656,0.4807986803737228,0.849,-0.5683300436044852,0.232,9.350189267092581,0.938,10.328787967145063
653,24,10,0.467,10.15906402006716,0.661,0.47214852687805636,0.918,-0.8874005746098884,0.377,9.41336284529417,0.939,10.451637862362272
654,11,15,0.5,9.245042471098238,0.421,0.8819547344233736,0.521,-0.05079297441682615,0.325,8.006700845440367,0.892,10.12667110305036
654,21,11,0.459,9.434049879275792,0.439,0.8766825493481978,0.885,-0.6602834229702732,0.524,8.006700845440367,0.902,10.056251557087757
654,22,10,0.465,9.638549157391118,0.398,0.8741315305314162,0.963,-1.0104170662244456,0.694,8.006700845440367,0.911,10.169728906753061
654,24,10,0.452,9.677044101278977,0.39,0.8846829227292216,0.956,-1.0133341135989136,0.693,8.006700845440367,0.905,10.214678610538817
654,25,10,0.478,9.688203404421994,0.412,0.917839137167019,0.958,-0.9957028692711747,0.675,8.006700845440367,0.91,10.247112717290387
